record_id,address,scope,library_status,disposition,family,proposed_elements,phase_and_uncertainty,source_ids,image_ids,ticket_keys,ticket_ids
pa-1612-1,1612 S. Prairie Avenue,core,inferred present,build_or_reconstruct,Italianate stone-front masonry,"Smooth ashlar street face, common-brick returns, paired segmental windows, arched columned entrance, high stoop, bracketed cornice and basement lights.","Keep the photograph/storey count separate from Sanborn 2B: basement and attic must be reconciled, not counted as full additional floors. Bishop Anderson ownership starts 1905.","[""B-marker_north"", ""civic-bluebook-1904""]",a16-cgy-1612-studebaker-photo,N02,T-1860
pa-1638-2,1638 S. Prairie Avenue,core,inferred present,build_or_reconstruct,Gothic Revival frame,"Steep front gable with oculus, pointed twin windows and hood moulds, polygonal corner tower with pyramidal cap, canted ground bay, pierced timber porch and separate lower wing.",Map says frame; do not turn the pale Gothic exterior into solid stone. Construction-year conflict does not negate presence in 1904. Exact cladding colour and unseen elevations are reconstructed.,"[""B-marker_north"", ""B-city1973"", ""civic-bluebook-1904""]",a16-cgy-1638-gothic-photo,"N06A,N06B","T-1864, T-1865"
pa-1701-3,1701 S. Prairie Avenue,core,inferred present,build_or_reconstruct,Italianate mansion with rear addition,"Front block plus 1874 brick rear range, tall arched lights, corbelled oriel, stone basement and belts, two-level columned rear veranda with balustrades and garden steps.","Use rear photograph as a separate elevation, not a front facade repeated on all sides; later art-company/Sullivan uses excluded.","[""B-marker_north"", ""civic-bluebook-1904""]",a16-ghm-blog-1701-hibbard-rear,"N16A,N16B","T-1875, T-1876"
pa-1721-4,1721 S. Prairie Avenue,core,inferred present,build_or_reconstruct,"Dexter house, post-1889 phase","Model Arthur Little front addition against retained earlier house; use 1891 publication for the flat classical front, rusticated base, entry portico, upper balcony, cornice and chimneys.",The winter c.1888 frame-house picture precedes the addition. Reconcile named 1721 with map 1719 before giving either a second building.,"[""B-marker_north"", ""civic-bluebook-1904""]",a16-inland-1891-dexter-residence,"N18A,N18B","T-1878, T-1879"
pa-1729-5,1729 S. Prairie Avenue,core,inferred present,build_or_reconstruct,Pullman Second Empire estate,"Brownstone main block, mansard/dormers/cresting, Prairie portico and terrace, 18th Street porte-cochere, 1892 east addition, rear stable and dated conservatory/palm-house complex.","Treat estate as several connected assets; distinguish 1890 pre-addition view from c.1900 photographs and 1894 plates. Greenhouse south of 18th needs its own plot and date, not attachment to a neighbouring mansion.","[""B-marker_north"", ""civic-bluebook-1904""]",a16-pullman-det-4a08066; a16-inland-1894-pullman-conservatory; a16-inland-1894-pullman-palm-house-stable,"N19A,N19B","T-1880, T-1881"
pa-1808-6,1808 S. Prairie Avenue,core,inferred present,build_or_reconstruct,Keith/Field Romanesque-classical stone front,"Three-storey rock-faced front; south curved bay; north entrance loggia with Ionic columns, balustraded balcony and stair; upper windows; pierced stone parapet. Common-brick side and rear ranges.",Use the 1888 published plan and photo together; explicitly join the north wall to the Glessner court boundary and avoid duplicate surfaces or daylight gaps.,"[""B-marker_west"", ""civic-bluebook-1904""]",a18-inland-architect-1888-02-keith-plate,"C01A,C01B","T-1882, T-1883"
pa-1812-7,1812 S. Prairie Avenue,core,inferred present,build_or_reconstruct,Wheeler Dutch/Flemish gable rowhouse,"Stone basement and first storey, large arched window, arched entry and stair, brick upper wall with stone bands, projecting oriel, upper balcony, high shaped gable and attic grid window.",Levy photo resolves distinctive facade; do not substitute a generic triangular gable. Check roof behind the ornamental front against map and neighbours.,"[""B-marker_west"", ""civic-bluebook-1904""]",a18-rba-levy-1812-wheeler,"C02A,C02B","T-1884, T-1885"
pa-1824-8,1824 S. Prairie Avenue,core,inferred present,build_or_reconstruct,Pomeroy/Marsh altered stone-front villa,"Retained main envelope and service wing with the post-1880 stone facade, stoop, window rhythm and bounded cornice/roof reconstruction.",The attractive cupola/arcaded Italianate photograph is pre-remodelling and cannot dictate the 1904 front. Use later street strip and Sanborn; record any retained cupola as uncertain.,"[""B-marker_west"", ""civic-bluebook-1904""]",a18-gh-pomeroy-house-italianate; st-randmcnally-1893-p269-west-1800-1900,C04,T-1887
pa-1834-9,1834 S. Prairie Avenue,core,inferred present,build_or_reconstruct,Jones villa with mansard addition,"High stone basement, bay and arched entrance, brick/stone front, plus the recorded 1886 mansard storey, dormers and associated eaves.","Existing early photograph lacks the mansard. Render the later roof as inferred/reconstructed within the mapped envelope, preserving the earlier photo as a different phase.","[""B-marker_west"", ""B-city1973"", ""civic-bluebook-1904""]",a18-gh-1834-fernando-jones,C05,T-1888
pa-1912-10,1912 S. Prairie Avenue,core,inferred present,build_or_reconstruct,Moulton/Lowden Chateauesque,"Brownstone walls and brick service range, conical corner turret, steep slate roof, crocketed dormers, tall chimneys, paired arches, high stoop and bounded awning/ivy.",Separate geometry from the undated ivy/awning state; retain 1882 house while recording ownership-date disagreements. Do not use modern heavy decay.,"[""B-marker_west"", ""civic-bluebook-1904""]",a19-cgy-1912-exterior,"C13A,C13B","T-1899, T-1900"
pa-1936-11,1936 S. Prairie Avenue,core,inferred present,phase_or_identity_resolution,Thompson/Allerton Italianate estate,"Large freestanding villa with belvedere/tower, columned porch/verandas, arched openings, broad landscaped setback, iron boundary and rear service court.","Critical conflict: frontage-28-048 calls this vacant; museum says razed 1915, and period street views show a major house. Resolve its relationship to frontage-28-047 (1916/1930) before placement. Do not erase Allerton or create overlapping villas.","[""B-marker_west"", ""civic-bluebook-1904""]",a19-nby-newchicagoalbum-1883-residences; st-ghm-ward-1887-prairie-north-from-20th; a19-andreas-1886-prairie-20th,"C14A,C14B","T-1901, T-1902"
pa-1815-12,1815 S. Prairie Avenue,core,inferred present,build_or_reconstruct,Sears/Meeker stone mansion,"Stone facade, mansard with gabled dormers, hooded entrance, curved stair, projecting bay and rear service range.",1902 Heun alterations need comparison; earlier and later photographs must not be combined as one facade. The Sears log-cabin playhouse left in 1892 and is excluded.,"[""B-marker_east"", ""civic-bluebook-1904""]",a18-cgy-1815-sears-two-views,C08,T-1893
pa-1823-13,1823 S. Prairie Avenue,core,inferred present,build_or_reconstruct,Dent masonry mansion,"Three-storey wall, high attic/mansard profile, tall chimneys, bay, arched entrance, stoop, iron fence and less ornamented rear.","Only limited engraving detail; treat fine carving, unseen window counts and material colour as reconstruction. Compare engraving stone appearance with map brick body instead of making all walls ashlar.","[""B-marker_east"", ""civic-bluebook-1904""]",a18-cgy-1823-dent-engraving,C09,T-1894
pa-1827-14,1827 S. Prairie Avenue,core,inferred present,build_or_reconstruct,Doane towered stone mansion,"Coursed stone front, mansard and dormers, square/pyramidal tower and separate conical bay, incised window hoods, porch/terrace, rear barn and service plant envelope.","Preserve both different tower geometries. Private electric-plant history supports a service function, not an invented visible chimney or machinery layout.","[""B-marker_east""]",a18-gh-doane-exterior,"C10A,C10B","T-1895, T-1896"
pa-1901-15,1901 S. Prairie Avenue,core,inferred present,build_or_reconstruct,"Ream, post-1887 reconstruction","Stone-faced Second Empire facade, post-fire upper floor, mansard/dormers, deep cornice, classical portico with balustrade, side bays and rear barn.",1893 plate is post-1887 rebuilding; use that phase rather than speculative original roof.,"[""B-marker_east"", ""civic-bluebook-1904""]",a19-pictorial-1893-ream,C15,T-1903
pa-1905-16,1905 S. Prairie Avenue,core,inferred present,build_or_reconstruct,Field Sr. Second Empire,"Broad brick/stone mansion, mansard and angular corner bay, dormers, hooded windows, central portico, conservatory bay, rear barn and site-specific iron fence.",Hunt plan supports footprint and projections. 1893 scroll fence and c.1905 taller fence differ: select/document a 1904 state. No Bauhaus/aeronautical-school signs.,"[""B-marker_east"", ""civic-bluebook-1904""]",a19-pictorial-1893-field; a19-field-cdn-dn0003324; dw-field-1905-hunt-principal-floor-plan,"C16A,C16B","T-1904, T-1905"
pa-2009-17,2009 S. Prairie Avenue,core,inferred present,build_or_reconstruct,Mayer/Meyer French Gothic rowhouse,"Rough red-brown brick, brownstone basement/copings, elliptical entry, slightly bowed window group, carved frieze, ogee gable with finial, two attic lights, tall chimneys.","Preserve the narrow party-wall proportion and unique gable, not a scaled Wheeler front. Published 27 by 82 ft lead is not automatically a surveyed footprint.","[""B-marker_south"", ""civic-bluebook-1904""]",a20-monroe-1896-meyer-house-p155; a20-chicagology-2009-2011-photo,"S05A,S05B","T-1913, T-1914"
pa-2100-18,2100 S. Prairie Avenue,core,inferred present,build_or_reconstruct,Sherman Victorian Gothic,"Pressed dark-red brick with tight dark joints, contrasting sandstone bands, steep slate roof and stone dormers, corner oriel on column, carved chimney tops, clustered entrance columns and curved stair.",1876 published design gives explicit material guidance; reconcile built photograph. Later medical-college use is not 1904 signage.,"[""B-marker_south""]",dw-aabn-1876-09-30-sherman-2100-plate; a20-chicagology-2100-sherman-photo,"S10A,S10B","T-1919, T-1920"
pa-2115-19,2115 S. Prairie Avenue,core,inferred present,build_or_reconstruct,Kelley/Armour Second Empire,"Three-storey masonry with quoins/belts, paired round arches and keystones, central arched doorway and pediment, broad stone stair with stepped cheeks, patterned slate mansard and cresting.",Photograph tonal values do not prove white paint or stone species. Philip Armour was deceased by 1904; no personal occupancy assumption is needed for geometry.,"[""B-marker_south"", ""civic-bluebook-1904""]",a20-chicagology-2115-armour-photo,S14,T-1925
pa-2126-20,2126 S. Prairie Avenue,core,construction during target year; month unresolved,phase_or_identity_resolution,Robbins Georgian/Federal transition,"Five-bay red-brick front, pale marble trim and belts, pilaster heads, fanlit central entry, attic/parapet, end chimneys, urn-topped entry piers and surviving rear service wing if confirmed.","1904 versus 1905 completion conflict affects the July target. Build a replaceable dated state; if month remains unknown use explicitly conjectural construction-stage or completed-envelope variant, never assert May 1905 photo as July 1904 proof.","[""B-marker_south"", ""civic-bluebook-1904""]",dw-inland-1905-05-robbins-2126-plate,S15,T-1926
pa-2140-21,2140 S. Prairie Avenue,core,inferred present,build_or_reconstruct,Tucker/Smith polychrome corner mansion,"Brick and stone bands, round and polygonal towers, mansard/dormers, tall stacks, columned Prairie porch, southern entrance canopy and long corner iron fence.","Flat-topped crested towers versus later conical spires are separate phases. Date evidence before selecting; retain one declared working 1904 interpretation and replacement criteria, not both roof states simultaneously.","[""B-marker_south"", ""civic-bluebook-1904""]",a20-nypl-dennis-tucker-1010-prairie-stereo; a20-chicagology-2140-photo-a,"S17A,S17B","T-1928, T-1929"
pa-1800-22,1800 S. Prairie Avenue,core,inferred present,retain_existing,Existing Glessner benchmark,"Reuse current canonical model; physical masonry relief, true openings/recesses, carved entrances, dielectric glass, metric PBR, all four elevations and court.",T-1830/T-1833 own current roof repairs. This programme does not rebuild or declare them fixed. Freeze the accepted post-repair asset/hash before comparative QA.,"[""B-marker_survivors"", ""civic-bluebook-1904"", ""G01"", ""G02"", ""G04"", ""G07"", ""MAP-1911-28"", ""pa-glessner-habs-data"", ""pa-glessner-habs-sheet-2"", ""pa-glessner-habs-sheet-3"", ""pa-glessner-habs-sheet-6""]",a18-rba-taylor-2135-glessner-ne; a18-glessner-habs-photo-01,existing T-1830/T-1833; retained benchmark,existing T-1830/T-1833; retained benchmark
pa-1801-23,1801 S. Prairie Avenue,core,inferred present,build_or_reconstruct,Kimball Chateauesque,"Bedford-stone envelope, tall hip/slate roofs, corner tower and conical cap, elaborate gabled dormers, finials/cresting, arched loggia and broad curved entry stair, long 18th Street flank.",Period Taylor view is preferable for phase; HABS later drawings/photos only for surviving fabric. Side elevations and rear cannot be a mirrored front.,"[""B-marker_survivors"", ""B-kimball"", ""civic-bluebook-1904"", ""pa-kimball-habs-il1077""]",a18-rba-taylor-1801-kimball-c1895,"C06A,C06B","T-1889, T-1890"
pa-1811-24,1811 S. Prairie Avenue,core,inferred present,build_or_reconstruct,Coleman/Ames Romanesque,"Rock-faced brown sandstone front, deep round arch and broad stair, bowed/corbelled bay, carved parapet/frieze, upper gable with arched lights, brick side and rear, iron area grille.",Ambiguous Building Budget entrance sketch may be 1808 rather than 1811: exclude as a controlling detail until resolved.,"[""B-marker_survivors""]",a18-gh-1811-ames-house; cgn-1811-coleman-ames-photo,"C07A,C07B","T-1891, T-1892"
pa-1900-25,1900 S. Prairie Avenue,core,inferred present,build_or_reconstruct,Elbridge Keith Second Empire,"Smooth stone facade, later slate mansard/dormers, segmental window hoods, corner bay, classical porch and balcony, broad stoop and low boundary coping.",Same photograph is misattributed to 1906 elsewhere. Default attribution to 1900 is a study inference from museum caption and surviving facade; do not clone it at 1906.,"[""B-marker_survivors"", ""civic-bluebook-1904""]",a19-gh-keith-1900-historic,C11,T-1897
pa-1919-26,1919 S. Prairie Avenue,core,inferred present,build_or_reconstruct,"Field Jr., post-1902 enlargement","Brick/stone envelope with enlarged post-1902 facade and roof, projecting tower/bay, gabled dormers, new mass on acquired land strip and rear wing.",Early Beman facade is pre-1902. Later institutional photographs are useful only after subtracting later signs/additions; reconcile 20-foot land strip without shifting other parcels.,"[""B-marker_survivors"", ""B-news"", ""civic-bluebook-1904""]",a19-cgy-1919-before-1902; a19-cgy-1919-later; a19-bluebook-1912-gatlin-1919,"C17A,C17B","T-1906, T-1907"
pa-213–217-e.-cullerton-street-27,213–217 E. Cullerton Street,adjacent,inferred present,build_or_reconstruct,Adjacent context,Split aggregate record into three houses; 213/217 red brick and sandstone with distinctive gabled/copper oriel at 217; 215 separately dated. Modern grilles and patina are not proof of 1904 state. Record: pa-213–217-e.-cullerton-street-27.,Separate context site; not a Prairie-address duplicate.,"[""B-marker_survivors""]",a19-jyoti-cullerton-106; a19-jyoti-cullerton-220; a19-jyoti-cullerton-224; a19-jyoti-cullerton-225,X01,T-1939
pa-1827-s.-indiana-avenue-(modern-location)-28,1827 S. Indiana Avenue (modern location),anachronism guard,absent from this site in 1904,excluded,Excluded predecessor / wrong site,Do not instantiate in the 1904 scene; retain source record and explanation.,"Moved to Wabash in 1872, here in 1977. EXCLUDE from 1904 neighborhood scene.","[""B-marker_survivors""]",a19-clarke-habs-photo-061183; a19-gh-clarke-before-1872; a19-gh-clarke-wabash-chrimes; a19-clarke-habs-photo-061184,D28,T-1841
pa-2013-29,2013 S. Prairie Avenue,core,inferred present,build_or_reconstruct,Reid classical/fireproof townhouse,"1894 front with classical portico, rusticated lower wall, window surrounds, heavy cornice, roof balustrade/urns and narrow party-wall/rear envelope.","1911 fireproof label is a construction-class observation, not a literal facade material. Use 1895 publication to recover losses in later photos.","[""B-marker_outside"", ""civic-bluebook-1904"", ""pa-reid-nrhp-2003""]",a20-ia-1895-02-reid-plate,S07,T-1916
pa-2110-30,2110 S. Prairie Avenue,core,inferred present,build_or_reconstruct,Rees Romanesque narrow house,"Limestone front, tall gable with carved tympanum and finial, arcaded upper loggia, bowed oriel with copper cap/frieze, arched entry/transom and high stoop.","Place at historical 2110. Modern grille/restaurant awning excluded unless dated. Shared coach house with 2108 is one divided building, not two overlapping copies.","[""B-marker_outside"", ""B-reid_nom"", ""civic-bluebook-1904""]",a20-aic-rees-c1980s-photo; a20-glessner-rees-coach-house-2014,"S12A,S12B","T-1922, T-1923"
pa-2018-s.-calumet-avenue-31,2018 S. Calumet Avenue,adjacent,inferred present,build_or_reconstruct,Adjacent context,"Second Empire envelope with the 1880s copper bay alteration, mansard/dormers, limestone porch, high stoop and historical footprint; remove later fire stair/restoration context. Record: pa-2018-s.-calumet-avenue-31.",Separate context site; not a Prairie-address duplicate.,"[""B-marker_outside"", ""pa-wheeler-kohn-nrhp-1999""]",a20-wheeler-nrhp-1999-floor-plan; a20-wheeler-nrhp-1999-photo-east-front; a20-wheeler-nrhp-1999-photo-north-side; a20-wheeler-nrhp-1999-photo-south-side,X03,T-1941
pa-1936-s.-michigan-avenue-32,1936 S. Michigan Avenue,adjacent,inferred present,build_or_reconstruct,Adjacent context,"1870s limestone/sandstone Gothic exterior, 1900-01 rebuilt roof/window state and dated tower/spire, with visible side elevations. Later HABS lacks the historic spire; period skyline cannot copy modern tower uncritically. Exterior only; interior art is outside this programme. Record: pa-1936-s.-michigan-avenue-32.",Separate context site; not a Prairie-address duplicate.,"[""B-marker_outside""]",a19-aic-2ndpres-renwick-east-elevation; a19-aic-2ndpres-renwick-north-elev; dw-rb-microfilm-second-presbyterian-renwick-frame-354; dw-rb-microfilm-second-presbyterian-renwick-frame-355,X04,T-1942
pa-1816-33,1816 S. Prairie Avenue,core,unresolved,build_or_reconstruct,Henderson Second Empire,"Angled front bay, mansard with pedimented dormers, cresting, columned porch/balcony, brick body and stone basement, rear two-storey range.",Library record unresolved lifespan is strengthened by 1874 engraving and post-1884 neighbour photo; record upgraded existence basis separately from exact dimensions.,"[""B-city1973"", ""civic-bluebook-1904""]",a18-cgy-1816-henderson-photo; cgn-1816-landowner-1874-henderson,C03,T-1886
pa-1906-34,1906 S. Prairie Avenue,core,unresolved,build_or_reconstruct,"Edson Keith Italianate, attribution uncertain","Map-bound stone-front brick house attached to 1908; high stoop, arched windows, bounded projecting bay and deep bracketed cornice.",Use 1898 numbered entrance strip and neighbour fragments. The frequently labelled mansard photograph is probably 1900; it cannot serve as exact 1906 elevation.,"[""B-city1973"", ""civic-bluebook-1904""]",a19-cgy-1906-keith-engraving; cgs-tribune-1898-01-09-death-strip,C12,T-1898
pa-1923-35,1923 S. Prairie Avenue,core,unresolved,build_or_reconstruct,Kellogg map-led masonry mansion,"Mapped three-storey/basement brick envelope, service yard and two-storey rear building; reconstructed window bays, cornice, roof drainage and entrance.","No dedicated exterior located in the selected evidence. Start restrained masonry villa vocabulary, taking silhouette from dated streetscape fragments; do not invent a landmark tower.","[""B-news"", ""civic-bluebook-1904""]",st-randmcnally-1893-p269-east-1800-1900,C18,T-1908
pa-2021-36,2021 S. Prairie Avenue,core,inferred present,build_or_reconstruct,High brick gabled/turret house,"Steep main gable, conical rounded corner tower, arched entry, broad side wing with secondary gable, stone basement and tall chimney.",Undated High image may show rebuilding after the early Adams house; backcast only supported envelope. Sanborn 2.5-storey notation is not an exact height.,"[""B-city1973"", ""civic-bluebook-1904""]",a20-chicagology-2021-high-photo,S08,T-1917
pa-2027-37,2027 S. Prairie Avenue,core,unresolved,build_or_reconstruct,Cobb-associated map-led villa,"Brick 2.5-storey/basement body, rear two-storey range and barn; restrained roof and openings with separate service elevation.",Cobb household association is unresolved. Use mapped plan and matched late-Victorian local analogues; no borrowed named mansion facade.,"[""B-city1973"", ""civic-bluebook-1904""]",,S08,T-1917
pa-2036-38,2036 S. Prairie Avenue,core,unresolved,build_or_reconstruct,Buckingham map-led corner mansion,"Mapped substantial brick house, basement, corner-facing elevation, rear outbuilding and six-foot brick boundary where map annotation applies.",Fine facade is unestablished; reconstruct coherent masonry bays and roof within footprint. Six-foot wall is 1911 evidence to be backcast explicitly.,"[""B-city1973"", ""civic-bluebook-1904""]",a20-glessner-2100-block-west-side-1890s; a20-chicagology-2036-street-engraving-1880,S03,T-1911
pa-2112-39,2112 S. Prairie Avenue,core,unresolved,build_or_reconstruct,Rothschild stone-front townhouse,"Three-storey stone-front brick body, rear two-storey wing, high stoop, repeated masonry openings and separate rear service building.",Map says auto in 1911; reconstruct a carriage-capable service envelope for 1904 unless conversion is dated.,"[""B-news"", ""civic-bluebook-1904""]",a20-chicagology-2110-rees-street-c1895; a20-glessner-2100-block-west-side-1890s,S11,T-1921
pa-2108-40,2108 S. Prairie Avenue,core,unresolved,build_or_reconstruct,Mark Kimball compact brick house,"Two-storey/basement brick house with simple cornice/roof, bounded high stoop and windows; north half of shared rear coach house.",Do not confuse Mark Kimball with William Kimball at 1801. Rees evidence controls shared stable relationship.,"[""B-news""]",a20-glessner-rees-coach-house-2014,S11,T-1921
pa-2109-41,2109 S. Prairie Avenue,core,unresolved,build_or_reconstruct,Roloson partly seen in Armour photograph,"Map-bound three-storey brick house, possible two-level veranda and mansard tower visible north of Armour, separate rear service building.",Neighbour attribution is provisional. Retain veranda/tower as inferred only after image orientation and lot widths agree; otherwise use constrained plain masonry envelope.,"[""B-news"", ""civic-bluebook-1904""]",a20-chicagology-2115-armour-photo,S13,T-1924
pa-2130-42,2130 S. Prairie Avenue,core,unresolved,build_or_reconstruct,Murdoch rounded-bay stone house,"Stone-front block with brick rear, prominent rounded street bay/turret with conical cap, 2.5/3-storey transitions, high stoop and rear wing.",Facade glimpsed beside 2140; record projected widths as photogrammetric inference with uncertainty rather than measured dimension.,"[""B-news""]",a20-glessner-vanosdel-2140-photo; a20-chicagology-2140-photo-a,S16,T-1927
pa-1702-43,1702 S. Prairie Avenue,core,demolished before 1904,excluded,Excluded predecessor / wrong site,Do not instantiate in the 1904 scene; retain source record and explanation.,1880 remodeling. Replaced by Glessner children’s townhouses; exclude old house in 1904.,"[""B-early2""]",st-randmcnally-1893-p233-west-1700-1800; a16-ghm-blog-1702-staples; cgn-1702-harvey-remodelled-photo; cgn-1702-staples-photo-copy,D20,T-1840
pa-1804–1808-s.-prairie-avenue-(predecessors)-44,1804–1808 S. Prairie Avenue (predecessors),core,demolished before 1904,excluded,Excluded predecessor / wrong site,Do not instantiate in the 1904 scene; retain source record and explanation.,Replaced by Glessner and O. R. Keith residences; illustrated 1874; exclude in target year.,"[""B-early2"", ""civic-bluebook-1904""]",a18-gh-landowner-1874-plate; st-landowner-1874-homes-of-prairie-avenue; cgn-1804-landowner-1874-double-house; a18-gh-1812-first-house-1874,D28,T-1841
pa-1637-45,1637 S. Prairie Avenue,core,unresolved,build_or_reconstruct,Spalding remodel of Grosvenor,"Brick block with steep hip/mansard roof, dormers, tall chimneys, full-height swell bay, projecting gabled wing, small entry balcony and masonry boundary.",Original Italianate photograph predates severe remodelling. Use remodelled engraving and later street views with source/date qualifications.,"[""B-early4"", ""civic-bluebook-1904""]",a16-ghm-blog-1637-spalding-remodel,N11,T-1870
pa-1709-46,1709 S. Prairie Avenue,core,demolished before 1904,excluded,Excluded predecessor / wrong site,Do not instantiate in the 1904 scene; retain source record and explanation.,Superseded by Palmer Kellogg house.,"[""B-early4"", ""civic-bluebook-1904""]",,D20,T-1840
pa-1709-s.-prairie-avenue-(successor)-47,1709 S. Prairie Avenue (successor),core,inferred present,build_or_reconstruct,Palmer Kellogg successor,"Irregular three-storey brick envelope, bay projection, rear 2/1-storey ranges, recessed entry, cornice and bounded roof profile.",Do not recreate Boyington Williams predecessor demolished c.1882. Dedicated elevation is thin; use later numbered street strip and masonry analogues.,"[""B-early4"", ""civic-bluebook-1904""]",st-randmcnally-1893-p233-east-1700-1800,N17,T-1877
pa-1635-48,1635 S. Prairie Avenue,core,uncertain; likely absent,phase_or_identity_resolution,Unresolved Forsyth parcel/phase,"Reserve a separate temporal entity; if footprint/1904 evidence supports a house, use a compact earlier villa with simple bracketed cornice, high stoop and bounded rear service roof.",Likely-absent library flag conflicts with evidence of occupants in the early 1900s; do not treat occupant relocation as demolition proof. Do not put this house on 1637 merely to fill a visual gap.,"[""B-early4""]",,N11,T-1870
pa-1736-49,1736 S. Prairie Avenue,core,inferred present,build_or_reconstruct,Ingraham/McBirney map-led altered house,"Three-storey brick corner dwelling with bounded mansard/attic treatment, stoop, service wing and rear carriage building.",Mansard date uncertain. The Inland Architect H. J. McBirney plate is indexed at 1625 in image metadata: do not assign it to 1736 solely because the owner name matches.,"[""B-early4"", ""civic-bluebook-1904""]",st-randmcnally-1893-p233-west-1700-1800,N15,T-1874
pa-1630-50,1630 S. Prairie Avenue,core,unresolved,build_or_reconstruct,Small earlier frame house,"Compact frame body on basement, painted clapboard, narrow window/door modules, simple timber eaves and modest roof; preserve small scale between masonry neighbours.",BB notation needs key interpretation; not proof of two full basements. Geometry and colour from bounded local frame-house reconstruction.,"[""B-early4""]",,N04,T-1862
pa-1726–1728-s.-prairie-avenue-(predecessor)-51,1726–1728 S. Prairie Avenue (predecessor),core,demolished before 1904,excluded,Excluded predecessor / wrong site,Do not instantiate in the 1904 scene; retain source record and explanation.,Record replacement properties from map; predecessor excluded in target year.,"[""B-early4"", ""civic-bluebook-1904""]",st-randmcnally-1893-p233-west-1700-1800,D20,T-1840
pa-1700-52,1700 S. Prairie Avenue,core,inferred present,build_or_reconstruct,Glessner-Lee Georgian townhouse,"Paired mirror-image Georgian brick envelope, restrained classical cornice, sash grid, masonry lintels, door/fanlight treatment and garden-facing rear library windows.","Museum confirms paired 1700/1706 design and 1902 occupancy. Map 1702 is an address association to reconcile, not permission for a third house.","[""B-collection"", ""civic-bluebook-1904""]",a16-ghm-blog-1700-1706-construction-1901; a16-cgy-1700-1706-townhouses; st-ghm-1700-1706-under-construction-1901; a16-ghm-blog-1708-1706-1700-christmas,N12,T-1871
pa-1706-53,1706 S. Prairie Avenue,core,inferred present,build_or_reconstruct,George Glessner Georgian townhouse,"Mirrored partner to 1700 with independent entrance, rear library and service geometry; shared component kit but distinct per-house data.",Old Staples/Harvey house at 1702 is excluded. Mirror only attested paired composition; do not mechanically mirror all later garden details.,"[""B-collection"", ""civic-bluebook-1904""]",a16-ghm-blog-1700-1706-construction-1901; a16-cgy-1700-1706-townhouses; st-ghm-1700-1706-under-construction-1901; a16-ghm-blog-1708-1706-1700-christmas,N12,T-1871
pa-1708-54,1708 S. Prairie Avenue,core,unresolved,build_or_reconstruct,Thorne-associated map-led brick house,"Three-storey/basement brick townhouse with separate entry, cornice, regular sash and service rear.",Thorne name is attested later; 1904 Blue Book lists Carpenter candidate. Preserve historic identity labels by date while reconstructing mapped envelope.,"[""B-christmas"", ""civic-bluebook-1904""]",a16-ghm-blog-1700-1706-construction-1901; a16-cgy-1700-1706-townhouses; st-ghm-1700-1706-under-construction-1901; a16-ghm-blog-1708-1706-1700-christmas,N13,T-1872
pa-1720-55,1720 S. Prairie Avenue,core,inferred present,build_or_reconstruct,Tyrrell/Walker Italianate frame,"Clapboard front with central gable, deep bracketed eaves, canted bay, paired arched lights, full-width porch with paired posts/arches, central stair and cresting.",The photograph is strong for front configuration; use map for rear stable and footprint. Colour remains reconstructed.,"[""B-burley"", ""B-worlds"", ""civic-bluebook-1904""]",a16-ghm-blog-1720-tyrrell-house,N14,T-1873
pa-2008-s.-calumet-avenue-56,2008 S. Calumet Avenue,adjacent,inferred present,build_or_reconstruct,Adjacent context,"Brownstone, steep hipped roof with gabled dormers, tall chimneys, corner projection, round-arched oriel and columned entrance porch; compare 1883 published design with later evidence. Record: pa-2008-s.-calumet-avenue-56.",Separate context site; not a Prairie-address duplicate.,"[""B-hanford""]",a20-glessner-hanford-engraving; dw-inland-1883-12-hanford-plate; a20-ghm-simmerling-hanford-demolition-1953; a20-glessner-hanford-excavation-2001,X02,T-1940
pa-2031-nrhp,2031 S. Prairie Avenue,core,unresolved,build_or_reconstruct,Lemont-limestone Italianate row,"25-foot lot working module, stone front, brick party walls, full-height bay where supported, high stoop, hooded windows, bracketed cornice and rear wing.",Lot width is not house width. Do not borrow the Dewey drawing at 2631; the 2031 newspaper attribution conflicts with AIC location.,"[""B-reid_nom_acquired"", ""civic-bluebook-1904"", ""pa-reid-nrhp-2003""]",a20-chicagology-2031-2035-engraving,S09,T-1918
pa-2033-nrhp,2033 S. Prairie Avenue,core,unresolved,build_or_reconstruct,Otis Italianate rowhouse,"Narrow stone facade, full-height canted bay, carved segmental hoods, bracketed cornice, pedimented double-door hood, high stoop and iron boundary.","1946 Evans image shows later surroundings after neighbours vanished; use surviving facade only, recreate 1904 neighbours separately.","[""B-reid_nom_acquired"", ""civic-bluebook-1904""]",a20-chicagology-2033-walker-evans,S09,T-1918
pa-2035-nrhp,2035 S. Prairie Avenue,core,unresolved,build_or_reconstruct,Corner of limestone row,"Coordinate cornice/party wall with 2031/2033 but author corner return, high stoop, window hoods and its mixed brick/frame rear building independently.",Shared row is not three identical copies. Exact corner fenestration is reconstructed unless directly visible in a dated view.,"[""B-reid_nom_acquired"", ""civic-bluebook-1904""]",a20-chicagology-2031-2035-engraving,S09,T-1918
pa-1609-1904-correction,1609 S. Prairie Avenue,core,present per supplied expert guidance,build_or_reconstruct,Pre-1911 paired frame house,"Use earlier Robinson yellow footprint on lot 6, with party-wall relationship to 1611, modest frame facade, timber cornice, sash windows and bounded roof/stoop.",No image of these specific 1904 elevations identified. Entire facade vocabulary is reconstructed; exclude later four-storey Cade loft and do not substitute pink pair on lot 7.,"[""EXPERT-20260923"", ""MAP-1886""]",cgn-1611-robinson-1886,N08,T-1867
pa-1611-1904-correction,1611 S. Prairie Avenue,core,present per supplied expert guidance,build_or_reconstruct,Pre-1911 paired frame house,"Second member of the Robinson lot-6 frame pair, independent door/window pattern and service extent; preserve both identities.",Same 1904 correction as 1609. Do not derive the lost pair from their later commercial replacement.,"[""EXPERT-20260923"", ""MAP-1886""]",cgn-1611-robinson-1886,N08,T-1867
pa-1620-1904-correction,1620 S. Prairie Avenue,core,present per supplied expert guidance,build_or_reconstruct,Robert Law house restored for 1904,"Irregular earlier brick envelope across lots 13-14, projecting bay, arched windows, stoop, bounded roof and lattice/iron boundary; rear stable remains separate.",Use Robinson rather than 1911 vacancy. 1898 numbered drawing supports bay/arches; fine trim and rear windows remain reconstructed.,"[""EXPERT-20260923"", ""MAP-1886""]",a16-cgy-tribune-1898-prairie-widows; cgn-1620-robinson-1886,N03,T-1861
