frontage_id,address,side,sheet,raw_story_notation,map_material,map_use_1911,map_notes,family,proposed_exterior,uncertainty,front_tickets,rear_ticket
frontage-20-001,1600,west,20,2B,brick,D,Corner dwelling; bay facing Prairie.,Brick masonry,"Map-bound main body and attached wings; masonry corner bonds, recessed sash, lintels, foundation and high stoop; independently declared roof, gutters, chimneys and rear elevation. Corner dwelling; bay facing Prairie.","Facade design, roof pitch, colours and unseen windows are reconstructed. Raw map notation 2B remains unexpanded until key interpretation; map plan controls plan shape, not a supposedly measured facade.",T-1859,T-1932
frontage-20-002,1604,west,20,3B; rear 2B,brick,D,,Brick masonry,"Map-bound main body and attached wings; masonry corner bonds, recessed sash, lintels, foundation and high stoop; independently declared roof, gutters, chimneys and rear elevation. ","Facade design, roof pitch, colours and unseen windows are reconstructed. Raw map notation 3B; rear 2B remains unexpanded until key interpretation; map plan controls plan shape, not a supposedly measured facade.",T-1859,T-1932
frontage-20-003,1608,west,20,2B,brick,D,,Brick masonry,"Map-bound main body and attached wings; masonry corner bonds, recessed sash, lintels, foundation and high stoop; independently declared roof, gutters, chimneys and rear elevation. ","Facade design, roof pitch, colours and unseen windows are reconstructed. Raw map notation 2B remains unexpanded until key interpretation; map plan controls plan shape, not a supposedly measured facade.",T-1859,T-1932
frontage-20-004,1612,west,20,2B,brick with stone front,D,,Italianate stone-front masonry,"Smooth ashlar street face, common-brick returns, paired segmental windows, arched columned entrance, high stoop, bracketed cornice and basement lights.","Keep the photograph/storey count separate from Sanborn 2B: basement and attic must be reconciled, not counted as full additional floors. Bishop Anderson ownership starts 1905.",T-1860,T-1932
frontage-20-005,1616,west,20,2½B,brick,D,,Brick masonry,"Map-bound main body and attached wings; masonry corner bonds, recessed sash, lintels, foundation and high stoop; independently declared roof, gutters, chimneys and rear elevation. ","Facade design, roof pitch, colours and unseen windows are reconstructed. Raw map notation 2½B remains unexpanded until key interpretation; map plan controls plan shape, not a supposedly measured facade.",T-1860,T-1932
frontage-20-006,1620,west,20,,none,vacant dwelling site with rear stable,No front dwelling in 1911; rear stable remains. Use 1886 exception for 1904.,Robert Law house restored for 1904,"Irregular earlier brick envelope across lots 13-14, projecting bay, arched windows, stoop, bounded roof and lattice/iron boundary; rear stable remains separate.",Use Robinson rather than 1911 vacancy. 1898 numbered drawing supports bay/arches; fine trim and rear windows remain reconstructed.,T-1861,T-1932
frontage-20-007,1626,west,20,3B; rear 1B/2B,brick,D,Attached to 1628; rear stable.,Brick masonry,"Map-bound main body and attached wings; masonry corner bonds, recessed sash, lintels, foundation and high stoop; independently declared roof, gutters, chimneys and rear elevation. Attached to 1628; rear stable.","Facade design, roof pitch, colours and unseen windows are reconstructed. Raw map notation 3B; rear 1B/2B remains unexpanded until key interpretation; map plan controls plan shape, not a supposedly measured facade.",T-1862,T-1932
frontage-20-008,1628,west,20,3B; rear 1B,brick,D,Attached to1626; rear stable.,Brick masonry,"Map-bound main body and attached wings; masonry corner bonds, recessed sash, lintels, foundation and high stoop; independently declared roof, gutters, chimneys and rear elevation. Attached to1626; rear stable.","Facade design, roof pitch, colours and unseen windows are reconstructed. Raw map notation 3B; rear 1B remains unexpanded until key interpretation; map plan controls plan shape, not a supposedly measured facade.",T-1862,T-1932
frontage-20-009,1630,west,20,2BB,frame,D,Small attached dwelling.,Small earlier frame house,"Compact frame body on basement, painted clapboard, narrow window/door modules, simple timber eaves and modest roof; preserve small scale between masonry neighbours.",BB notation needs key interpretation; not proof of two full basements. Geometry and colour from bounded local frame-house reconstruction.,T-1862,T-1932
frontage-20-010,1634,west,20,3B,brick with stone front,D,Attached to1636.,Stone-front masonry,"Map-bound main body and attached wings; masonry corner bonds, recessed sash, lintels, foundation and high stoop; independently declared roof, gutters, chimneys and rear elevation. Attached to1636.","Facade design, roof pitch, colours and unseen windows are reconstructed. Raw map notation 3B remains unexpanded until key interpretation; map plan controls plan shape, not a supposedly measured facade.",T-1863,T-1932
frontage-20-011,1636,west,20,3B,brick with stone front,D,Attached to1634.,Stone-front masonry,"Map-bound main body and attached wings; masonry corner bonds, recessed sash, lintels, foundation and high stoop; independently declared roof, gutters, chimneys and rear elevation. Attached to1634.","Facade design, roof pitch, colours and unseen windows are reconstructed. Raw map notation 3B remains unexpanded until key interpretation; map plan controls plan shape, not a supposedly measured facade.",T-1863,T-1932
frontage-20-012,1638,west,20,2BB,frame,D,Irregular footprint; rear stable.,Gothic Revival frame,"Steep front gable with oculus, pointed twin windows and hood moulds, polygonal corner tower with pyramidal cap, canted ground bay, pierced timber porch and separate lower wing.",Map says frame; do not turn the pale Gothic exterior into solid stone. Construction-year conflict does not negate presence in 1904. Exact cladding colour and unseen elevations are reconstructed.,"T-1864, T-1865",T-1932
frontage-20-013,1700,west,20,3B,brick,D,Number shares upper dwelling frontage with1702; verify entrance/address association.,Glessner-Lee Georgian townhouse,"Paired mirror-image Georgian brick envelope, restrained classical cornice, sash grid, masonry lintels, door/fanlight treatment and garden-facing rear library windows.","Museum confirms paired 1700/1706 design and 1902 occupancy. Map 1702 is an address association to reconcile, not permission for a third house.",T-1871,T-1932
frontage-20-014,1702,west,20,3B,brick,D,Number shares upper dwelling frontage with1700; verify entrance/address association.,Alias under review,Associate current map frontage with paired 1700/1706 scheme; do not build old Staples house.,Resolve map label to entrance/parcel before minting a third building.,T-1871,T-1932
frontage-20-015,1706,west,20,3B,brick,D,Attached southern dwelling.,George Glessner Georgian townhouse,"Mirrored partner to 1700 with independent entrance, rear library and service geometry; shared component kit but distinct per-house data.",Old Staples/Harvey house at 1702 is excluded. Mirror only attested paired composition; do not mechanically mirror all later garden details.,T-1871,T-1932
frontage-20-016,1708,west,20,3B,brick,D,,Thorne-associated map-led brick house,"Three-storey/basement brick townhouse with separate entry, cornice, regular sash and service rear.",Thorne name is attested later; 1904 Blue Book lists Carpenter candidate. Preserve historic identity labels by date while reconstructing mapped envelope.,T-1872,T-1932
frontage-20-017,1712,west,20,2B,brick with stone front,D,,Stone-front masonry,"Map-bound main body and attached wings; masonry corner bonds, recessed sash, lintels, foundation and high stoop; independently declared roof, gutters, chimneys and rear elevation. ","Facade design, roof pitch, colours and unseen windows are reconstructed. Raw map notation 2B remains unexpanded until key interpretation; map plan controls plan shape, not a supposedly measured facade.",T-1872,T-1932
frontage-20-018,1720,west,20,2BB,frame,D,Bay-front dwelling; large rear stable.,Tyrrell/Walker Italianate frame,"Clapboard front with central gable, deep bracketed eaves, canted bay, paired arched lights, full-width porch with paired posts/arches, central stair and cresting.",The photograph is strong for front configuration; use map for rear stable and footprint. Colour remains reconstructed.,T-1873,T-1932
frontage-20-019,1726,west,20,2B,brick,D,,Brick masonry,"Map-bound main body and attached wings; masonry corner bonds, recessed sash, lintels, foundation and high stoop; independently declared roof, gutters, chimneys and rear elevation. ","Facade design, roof pitch, colours and unseen windows are reconstructed. Raw map notation 2B remains unexpanded until key interpretation; map plan controls plan shape, not a supposedly measured facade.",T-1874,T-1932
frontage-20-020,1730,west,20,3B; rear 2B,brick,D,,Brick masonry,"Map-bound main body and attached wings; masonry corner bonds, recessed sash, lintels, foundation and high stoop; independently declared roof, gutters, chimneys and rear elevation. ","Facade design, roof pitch, colours and unseen windows are reconstructed. Raw map notation 3B; rear 2B remains unexpanded until key interpretation; map plan controls plan shape, not a supposedly measured facade.",T-1874,T-1932
frontage-20-021,1736,west,20,3B,brick,D,Corner dwelling; rear garage.,Ingraham/McBirney map-led altered house,"Three-storey brick corner dwelling with bounded mansard/attic treatment, stoop, service wing and rear carriage building.",Mansard date uncertain. The Inland Architect H. J. McBirney plate is indexed at 1625 in image metadata: do not assign it to 1736 solely because the owner name matches.,T-1874,T-1932
frontage-20-022,1601,east,20,2,frame,D,Small dwelling north of station.,Frame dwelling,"Map-bound main body and attached wings; painted clapboard, timber sash/eaves and porch; independently declared roof, gutters, chimneys and rear elevation. Small dwelling north of station.","Facade design, roof pitch, colours and unseen windows are reconstructed. Raw map notation 2 remains unexpanded until key interpretation; map plan controls plan shape, not a supposedly measured facade.",T-1866,T-1933
frontage-20-023,1603,east,20,2,frame,Illinois Central R.R. 16th St. Station,1911 station use.,Frame dwelling,"Map-bound main body and attached wings; painted clapboard, timber sash/eaves and porch; independently declared roof, gutters, chimneys and rear elevation. 1911 station use.","Facade design, roof pitch, colours and unseen windows are reconstructed. Raw map notation 2 remains unexpanded until key interpretation; map plan controls plan shape, not a supposedly measured facade.",T-1866,T-1933
frontage-20-024,1607–1611,east,20,4,brick,Auto Repairing 1st; Wind Shield Mfg. Abv.,1911 replacement block. Expert guidance identifies replaced1904 houses specifically as1609 and1611; do not back-project commercial use.,Temporal replacement group,Restore 1609 and 1611 from Robinson; resolve remaining 1607 association separately.,Exclude 1910/1911 four-storey loft. Group extent is not proof of a third 1904 house.,T-1867,T-1933
frontage-20-025,1613,east,20,4,brick,D,Attached rowhouse.,Brick masonry,"Map-bound main body and attached wings; masonry corner bonds, recessed sash, lintels, foundation and high stoop; independently declared roof, gutters, chimneys and rear elevation. Attached rowhouse.","Facade design, roof pitch, colours and unseen windows are reconstructed. Raw map notation 4 remains unexpanded until key interpretation; map plan controls plan shape, not a supposedly measured facade.",T-1868,T-1933
frontage-20-026,1615,east,20,4,brick,D,Attached rowhouse.,Brick masonry,"Map-bound main body and attached wings; masonry corner bonds, recessed sash, lintels, foundation and high stoop; independently declared roof, gutters, chimneys and rear elevation. Attached rowhouse.","Facade design, roof pitch, colours and unseen windows are reconstructed. Raw map notation 4 remains unexpanded until key interpretation; map plan controls plan shape, not a supposedly measured facade.",T-1868,T-1933
frontage-20-027,1619,east,20,4,brick with stone front,D,,Stone-front masonry,"Map-bound main body and attached wings; masonry corner bonds, recessed sash, lintels, foundation and high stoop; independently declared roof, gutters, chimneys and rear elevation. ","Facade design, roof pitch, colours and unseen windows are reconstructed. Raw map notation 4 remains unexpanded until key interpretation; map plan controls plan shape, not a supposedly measured facade.",T-1868,T-1933
frontage-20-028,1621,east,20,3B,brick,D,Attached group1621/1623/1625.,Brick masonry,"Map-bound main body and attached wings; masonry corner bonds, recessed sash, lintels, foundation and high stoop; independently declared roof, gutters, chimneys and rear elevation. Attached group1621/1623/1625.","Facade design, roof pitch, colours and unseen windows are reconstructed. Raw map notation 3B remains unexpanded until key interpretation; map plan controls plan shape, not a supposedly measured facade.",T-1869,T-1933
frontage-20-029,1623,east,20,3B,brick,D,Attached group1621/1623/1625.,Brick masonry,"Map-bound main body and attached wings; masonry corner bonds, recessed sash, lintels, foundation and high stoop; independently declared roof, gutters, chimneys and rear elevation. Attached group1621/1623/1625.","Facade design, roof pitch, colours and unseen windows are reconstructed. Raw map notation 3B remains unexpanded until key interpretation; map plan controls plan shape, not a supposedly measured facade.",T-1869,T-1933
frontage-20-030,1625,east,20,3B; section4,brick,D,Attached group1621/1623/1625.,Brick masonry,"Map-bound main body and attached wings; masonry corner bonds, recessed sash, lintels, foundation and high stoop; independently declared roof, gutters, chimneys and rear elevation. Attached group1621/1623/1625.","Facade design, roof pitch, colours and unseen windows are reconstructed. Raw map notation 3B; section4 remains unexpanded until key interpretation; map plan controls plan shape, not a supposedly measured facade.",T-1869,T-1933
frontage-20-031,1637,east,20,2½B,brick,D,Rear garage2.,Spalding remodel of Grosvenor,"Brick block with steep hip/mansard roof, dormers, tall chimneys, full-height swell bay, projecting gabled wing, small entry balcony and masonry boundary.",Original Italianate photograph predates severe remodelling. Use remodelled engraving and later street views with source/date qualifications.,T-1870,T-1933
frontage-20-032,1701,east,20,2½S.B.,brick,D,Rear garages2 and1½; open porch annotation.,Italianate mansion with rear addition,"Front block plus 1874 brick rear range, tall arched lights, corbelled oriel, stone basement and belts, two-level columned rear veranda with balustrades and garden steps.","Use rear photograph as a separate elevation, not a front facade repeated on all sides; later art-company/Sullivan uses excluded.","T-1875, T-1876",T-1933
frontage-20-033,1709,east,20,3B; rear2B/1B,brick,D,Irregular bay footprint; rear garage1½.,Palmer Kellogg successor,"Irregular three-storey brick envelope, bay projection, rear 2/1-storey ranges, recessed entry, cornice and bounded roof profile.",Do not recreate Boyington Williams predecessor demolished c.1882. Dedicated elevation is thin; use later numbered street strip and masonry analogues.,T-1877,T-1933
frontage-20-034,1719,east,20,3B; rear2B,brick,D,Two curved Prairie-facing bays; rear garage2B.,"Dexter house, post-1889 phase","Model Arthur Little front addition against retained earlier house; use 1891 publication for the flat classical front, rusticated base, entry portico, upper balcony, cornice and chimneys.",The winter c.1888 frame-house picture precedes the addition. Reconcile named 1721 with map 1719 before giving either a second building.,"T-1878, T-1879",T-1933
frontage-20-035,1729,east,20,3B,stone,D,Large irregular stone dwelling; rear stone garage2.,Pullman Second Empire estate,"Brownstone main block, mansard/dormers/cresting, Prairie portico and terrace, 18th Street porte-cochere, 1892 east addition, rear stable and dated conservatory/palm-house complex.","Treat estate as several connected assets; distinguish 1890 pre-addition view from c.1900 photographs and 1894 plates. Greenhouse south of 18th needs its own plot and date, not attachment to a neighbouring mansion.","T-1880, T-1881",T-1934
frontage-28-036,1800,west,28,2B,stone,D,U-shaped courtyard house; north wing fronts18thSt and includes garage. Glessner property.,Existing Glessner benchmark,"Reuse current canonical model; physical masonry relief, true openings/recesses, carved entrances, dielectric glass, metric PBR, all four elevations and court.",T-1830/T-1833 own current roof repairs. This programme does not rebuild or declare them fixed. Freeze the accepted post-repair asset/hash before comparative QA.,existing Glessner; no new build,existing Glessner stable
frontage-28-037,1808,west,28,3B; rear2B,brick with stone front,D,,Keith/Field Romanesque-classical stone front,"Three-storey rock-faced front; south curved bay; north entrance loggia with Ionic columns, balustraded balcony and stair; upper windows; pierced stone parapet. Common-brick side and rear ranges.",Use the 1888 published plan and photo together; explicitly join the north wall to the Glessner court boundary and avoid duplicate surfaces or daylight gaps.,"T-1882, T-1883",T-1935
frontage-28-038,1812,west,28,3B,brick,D,,Wheeler Dutch/Flemish gable rowhouse,"Stone basement and first storey, large arched window, arched entry and stair, brick upper wall with stone bands, projecting oriel, upper balcony, high shaped gable and attic grid window.",Levy photo resolves distinctive facade; do not substitute a generic triangular gable. Check roof behind the ornamental front against map and neighbours.,"T-1884, T-1885",T-1935
frontage-28-039,1816,west,28,3S.B.; rear2B,brick,D,Rounded projecting front bays.,Henderson Second Empire,"Angled front bay, mansard with pedimented dormers, cresting, columned porch/balcony, brick body and stone basement, rear two-storey range.",Library record unresolved lifespan is strengthened by 1874 engraving and post-1884 neighbour photo; record upgraded existence basis separately from exact dimensions.,T-1886,T-1935
frontage-28-040,1824,west,28,2½B; rear2B,brick with stone front,D,,Pomeroy/Marsh altered stone-front villa,"Retained main envelope and service wing with the post-1880 stone facade, stoop, window rhythm and bounded cornice/roof reconstruction.",The attractive cupola/arcaded Italianate photograph is pre-remodelling and cannot dictate the 1904 front. Use later street strip and Sanborn; record any retained cupola as uncertain.,T-1887,T-1935
frontage-28-041,1828,west,28,3B; rear2B,brick with stone front,D,,Stone-front masonry,"Map-bound main body and attached wings; masonry corner bonds, recessed sash, lintels, foundation and high stoop; independently declared roof, gutters, chimneys and rear elevation. ","Facade design, roof pitch, colours and unseen windows are reconstructed. Raw map notation 3B; rear2B remains unexpanded until key interpretation; map plan controls plan shape, not a supposedly measured facade.",T-1887,T-1935
frontage-28-042,1834,west,28,3S.B.,brick with stone front,D,Open screened porch annotation.,Jones villa with mansard addition,"High stone basement, bay and arched entrance, brick/stone front, plus the recorded 1886 mansard storey, dormers and associated eaves.","Existing early photograph lacks the mansard. Render the later roof as inferred/reconstructed within the mapped envelope, preserving the earlier photo as a different phase.",T-1888,T-1935
frontage-28-043,1900,west,28,3B; rear1B,brick with stone front,D,,Elbridge Keith Second Empire,"Smooth stone facade, later slate mansard/dormers, segmental window hoods, corner bay, classical porch and balcony, broad stoop and low boundary coping.",Same photograph is misattributed to 1906 elsewhere. Default attribution to 1900 is a study inference from museum caption and surviving facade; do not clone it at 1906.,T-1897,T-1935
frontage-28-044,1906,west,28,3B,brick with stone front,D,Attached to1908.,"Edson Keith Italianate, attribution uncertain","Map-bound stone-front brick house attached to 1908; high stoop, arched windows, bounded projecting bay and deep bracketed cornice.",Use 1898 numbered entrance strip and neighbour fragments. The frequently labelled mansard photograph is probably 1900; it cannot serve as exact 1906 elevation.,T-1898,T-1935
frontage-28-045,1908,west,28,2½B; rear1B/2B,brick with stone front,D,Attached to1906.,Stone-front masonry,"Map-bound main body and attached wings; masonry corner bonds, recessed sash, lintels, foundation and high stoop; independently declared roof, gutters, chimneys and rear elevation. Attached to1906.","Facade design, roof pitch, colours and unseen windows are reconstructed. Raw map notation 2½B; rear1B/2B remains unexpanded until key interpretation; map plan controls plan shape, not a supposedly measured facade.",T-1898,T-1935
frontage-28-046,1912,west,28,2½B; rear3B,stone with brick rear,D,,Moulton/Lowden Chateauesque,"Brownstone walls and brick service range, conical corner turret, steep slate roof, crocketed dormers, tall chimneys, paired arches, high stoop and bounded awning/ivy.",Separate geometry from the undated ivy/awning state; retain 1882 house while recording ownership-date disagreements. Do not use modern heavy decay.,"T-1899, T-1900",T-1935
frontage-28-047,1916 (1930),west,28,2½S.B.; bay4B; rear2B,brick,D,Stacked address label appears1916 with parenthetical1930; requires directory resolution. Do not count as two proven separate houses.,Identity conflict beside Allerton,Preserve mapped irregular house and tower notation as provisional geometry; resolve against Allerton and address history.,No independent extra villa until alias/parcel relation resolved. The 1936 empty frontage reading conflicts with historical house survival.,"T-1901, T-1902",T-1935
frontage-28-048,1936,west,28,,none,vacant frontage,Frontage label at vacant corner lot; no dwelling footprint.,Thompson/Allerton Italianate estate,"Large freestanding villa with belvedere/tower, columned porch/verandas, arched openings, broad landscaped setback, iron boundary and rear service court.","Critical conflict: frontage-28-048 calls this vacant; museum says razed 1915, and period street views show a major house. Resolve its relationship to frontage-28-047 (1916/1930) before placement. Do not erase Allerton or create overlapping villas.","T-1901, T-1902",T-1935
frontage-28-049,1801,east,28,3B,stone,D,Corner dwelling with attached garage2.,Kimball Chateauesque,"Bedford-stone envelope, tall hip/slate roofs, corner tower and conical cap, elaborate gabled dormers, finials/cresting, arched loggia and broad curved entry stair, long 18th Street flank.",Period Taylor view is preferable for phase; HABS later drawings/photos only for surviving fabric. Side elevations and rear cannot be a mirrored front.,"T-1889, T-1890",T-1936
frontage-28-050,1811,east,28,3B; section2B,brick with stone front,D,Rear garage1½.,Coleman/Ames Romanesque,"Rock-faced brown sandstone front, deep round arch and broad stair, bowed/corbelled bay, carved parapet/frieze, upper gable with arched lights, brick side and rear, iron area grille.",Ambiguous Building Budget entrance sketch may be 1808 rather than 1811: exclude as a controlling detail until resolved.,"T-1891, T-1892",T-1936
frontage-28-051,1815,east,28,3B,stone,D,Rear garage2 plus R.CL.3B notation; greenhouse complex behind adjacent lots.,Sears/Meeker stone mansion,"Stone facade, mansard with gabled dormers, hooded entrance, curved stair, projecting bay and rear service range.",1902 Heun alterations need comparison; earlier and later photographs must not be combined as one facade. The Sears log-cabin playhouse left in 1892 and is excluded.,T-1893,T-1936
frontage-28-052,1823,east,28,3B; rear2B,brick,D,,Dent masonry mansion,"Three-storey wall, high attic/mansard profile, tall chimneys, bay, arched entrance, stoop, iron fence and less ornamented rear.","Only limited engraving detail; treat fine carving, unseen window counts and material colour as reconstruction. Compare engraving stone appearance with map brick body instead of making all walls ashlar.",T-1894,T-1936
frontage-28-053,1827,east,28,3B,stone with brick rear,D,Rear barn2.,Doane towered stone mansion,"Coursed stone front, mansard and dormers, square/pyramidal tower and separate conical bay, incised window hoods, porch/terrace, rear barn and service plant envelope.","Preserve both different tower geometries. Private electric-plant history supports a service function, not an invented visible chimney or machinery layout.","T-1895, T-1896",T-1936
frontage-28-054,1901,east,28,3B,stone with brick rear,D,Rear barn2.,"Ream, post-1887 reconstruction","Stone-faced Second Empire facade, post-fire upper floor, mansard/dormers, deep cornice, classical portico with balustrade, side bays and rear barn.",1893 plate is post-1887 rebuilding; use that phase rather than speculative original roof.,T-1903,T-1936
frontage-28-055,1905,east,28,3S.B.,brick,D,Greenhouse marked at front bay; rear barn2.,Field Sr. Second Empire,"Broad brick/stone mansion, mansard and angular corner bay, dormers, hooded windows, central portico, conservatory bay, rear barn and site-specific iron fence.",Hunt plan supports footprint and projections. 1893 scroll fence and c.1905 taller fence differ: select/document a 1904 state. No Bauhaus/aeronautical-school signs.,"T-1904, T-1905",T-1936
frontage-28-056,1919,east,28,2½S.B.,brick,The Gatlin Institute,1911 institutional use; rear garage cement floor. Do not assume1904use.,"Field Jr., post-1902 enlargement","Brick/stone envelope with enlarged post-1902 facade and roof, projecting tower/bay, gabled dormers, new mass on acquired land strip and rear wing.",Early Beman facade is pre-1902. Later institutional photographs are useful only after subtracting later signs/additions; reconcile 20-foot land strip without shifting other parcels.,"T-1906, T-1907",T-1936
frontage-28-057,1923,east,28,3S.B.,brick,D,Rear garage2.,Kellogg map-led masonry mansion,"Mapped three-storey/basement brick envelope, service yard and two-storey rear building; reconstructed window bays, cornice, roof drainage and entrance.","No dedicated exterior located in the selected evidence. Start restrained masonry villa vocabulary, taking silhouette from dated streetscape fragments; do not invent a landmark tower.",T-1908,T-1936
frontage-28-058,1945,east,28,3S.B.; rear2B,brick,D,Corner dwelling with rear stable2.,George Armour/Corwith corner mansion,"Corner mansion with substantial roof/attic, deep Prairie facade and long 20th Street elevation, rear two-storey stable and independent garden boundary.",Missing from named-building inventory but strongly visible in 1887 northward street view. Museum identifies architect Treat & Foltz and 1872 construction; create canonical structure entity in reconciliation.,T-1908,T-1936
frontage-35-059,2000,west,35,3BB; section2BB,frame,D,Detached dwelling.,Frame dwelling,"Map-bound main body and attached wings; painted clapboard, timber sash/eaves and porch; independently declared roof, gutters, chimneys and rear elevation. Detached dwelling.","Facade design, roof pitch, colours and unseen windows are reconstructed. Raw map notation 3BB; section2BB remains unexpanded until key interpretation; map plan controls plan shape, not a supposedly measured facade.",T-1909,T-1937
frontage-35-060,2010,west,35,3BB; section2BB,frame,D,Detached dwelling similar to2000.,Frame dwelling,"Map-bound main body and attached wings; painted clapboard, timber sash/eaves and porch; independently declared roof, gutters, chimneys and rear elevation. Detached dwelling similar to2000.","Facade design, roof pitch, colours and unseen windows are reconstructed. Raw map notation 3BB; section2BB remains unexpanded until key interpretation; map plan controls plan shape, not a supposedly measured facade.",T-1909,T-1937
frontage-35-061,2018,west,35,3,brick with stone front,D,Narrow long dwelling; stable to rear.,Stone-front masonry,"Map-bound main body and attached wings; masonry corner bonds, recessed sash, lintels, foundation and high stoop; independently declared roof, gutters, chimneys and rear elevation. Narrow long dwelling; stable to rear.","Facade design, roof pitch, colours and unseen windows are reconstructed. Raw map notation 3 remains unexpanded until key interpretation; map plan controls plan shape, not a supposedly measured facade.",T-1910,T-1937
frontage-35-062,2026,west,35,3B,stone with brick rear,D,Main block diagonal material division; rear stable.,Stone-front masonry,"Map-bound main body and attached wings; masonry corner bonds, recessed sash, lintels, foundation and high stoop; independently declared roof, gutters, chimneys and rear elevation. Main block diagonal material division; rear stable.","Facade design, roof pitch, colours and unseen windows are reconstructed. Raw map notation 3B remains unexpanded until key interpretation; map plan controls plan shape, not a supposedly measured facade.",T-1910,T-1937
frontage-35-063,2036,west,35,3S.B.,brick,D,Corner house at21st; brick boundary wall6ft annotation.,Buckingham map-led corner mansion,"Mapped substantial brick house, basement, corner-facing elevation, rear outbuilding and six-foot brick boundary where map annotation applies.",Fine facade is unestablished; reconstruct coherent masonry bays and roof within footprint. Six-foot wall is 1911 evidence to be backcast explicitly.,T-1911,T-1937
frontage-35-064,2100,west,35,3S.B.,brick,McCormick Medical College,1911 institutional use only. Brick boundary wall6ft.,Sherman Victorian Gothic,"Pressed dark-red brick with tight dark joints, contrasting sandstone bands, steep slate roof and stone dormers, corner oriel on column, carved chimney tops, clustered entrance columns and curved stair.",1876 published design gives explicit material guidance; reconcile built photograph. Later medical-college use is not 1904 signage.,"T-1919, T-1920",T-1937
frontage-35-065,2108,west,35,2B,brick,D,,Mark Kimball compact brick house,"Two-storey/basement brick house with simple cornice/roof, bounded high stoop and windows; north half of shared rear coach house.",Do not confuse Mark Kimball with William Kimball at 1801. Rees evidence controls shared stable relationship.,T-1921,T-1937
frontage-35-066,2110,west,35,3B,brick with stone front,D,,Rees Romanesque narrow house,"Limestone front, tall gable with carved tympanum and finial, arcaded upper loggia, bowed oriel with copper cap/frieze, arched entry/transom and high stoop.","Place at historical 2110. Modern grille/restaurant awning excluded unless dated. Shared coach house with 2108 is one divided building, not two overlapping copies.","T-1922, T-1923",T-1937
frontage-35-067,2112,west,35,3B; rear2B,brick with stone front,D,Rear auto building2.,Rothschild stone-front townhouse,"Three-storey stone-front brick body, rear two-storey wing, high stoop, repeated masonry openings and separate rear service building.",Map says auto in 1911; reconstruct a carriage-capable service envelope for 1904 unless conversion is dated.,T-1921,T-1937
frontage-35-068,2120,west,35,2,brick,Dress Making,1911 commercial use only; rear Electric Motor Repairing label.,Brick masonry,"Map-bound main body and attached wings; masonry corner bonds, recessed sash, lintels, foundation and high stoop; independently declared roof, gutters, chimneys and rear elevation. 1911 commercial use only; rear Electric Motor Repairing label.","Facade design, roof pitch, colours and unseen windows are reconstructed. Raw map notation 2 remains unexpanded until key interpretation; map plan controls plan shape, not a supposedly measured facade.",T-1926,T-1937
frontage-35-069,2126,west,35,3,brick,D,,Robbins Georgian/Federal transition,"Five-bay red-brick front, pale marble trim and belts, pilaster heads, fanlit central entry, attic/parapet, end chimneys, urn-topped entry piers and surviving rear service wing if confirmed.","1904 versus 1905 completion conflict affects the July target. Build a replaceable dated state; if month remains unknown use explicitly conjectural construction-stage or completed-envelope variant, never assert May 1905 photo as July 1904 proof.",T-1926,T-1937
frontage-35-070,2130,west,35,2½ and3B; rear1B,stone with brick rear,D,Round front bay.,Murdoch rounded-bay stone house,"Stone-front block with brick rear, prominent rounded street bay/turret with conical cap, 2.5/3-storey transitions, high stoop and rear wing.",Facade glimpsed beside 2140; record projected widths as photogrammetric inference with uncertainty rather than measured dimension.,T-1927,T-1937
frontage-35-071,2140,west,35,3S.B.,brick,D,Corner house with circular bay; front porch and exterior stair; rear stable.,Tucker/Smith polychrome corner mansion,"Brick and stone bands, round and polygonal towers, mansard/dormers, tall stacks, columned Prairie porch, southern entrance canopy and long corner iron fence.","Flat-topped crested towers versus later conical spires are separate phases. Date evidence before selecting; retain one declared working 1904 interpretation and replacement criteria, not both roof states simultaneously.","T-1928, T-1929",T-1937
frontage-35-072,2001,east,35,2½B,brick with stone front,D,Rear garage2.,Stone-front masonry,"Map-bound main body and attached wings; masonry corner bonds, recessed sash, lintels, foundation and high stoop; independently declared roof, gutters, chimneys and rear elevation. Rear garage2.","Facade design, roof pitch, colours and unseen windows are reconstructed. Raw map notation 2½B remains unexpanded until key interpretation; map plan controls plan shape, not a supposedly measured facade.",T-1912,T-1938
frontage-35-073,2003,east,35,3B; rear2B,brick,D,Attached row.,Brick masonry,"Map-bound main body and attached wings; masonry corner bonds, recessed sash, lintels, foundation and high stoop; independently declared roof, gutters, chimneys and rear elevation. Attached row.","Facade design, roof pitch, colours and unseen windows are reconstructed. Raw map notation 3B; rear2B remains unexpanded until key interpretation; map plan controls plan shape, not a supposedly measured facade.",T-1912,T-1938
frontage-35-074,2005,east,35,3B; rear2B,brick,D,Attached row.,Brick masonry,"Map-bound main body and attached wings; masonry corner bonds, recessed sash, lintels, foundation and high stoop; independently declared roof, gutters, chimneys and rear elevation. Attached row.","Facade design, roof pitch, colours and unseen windows are reconstructed. Raw map notation 3B; rear2B remains unexpanded until key interpretation; map plan controls plan shape, not a supposedly measured facade.",T-1912,T-1938
frontage-35-075,2009,east,35,2½B; rear1B,brick,D,Rear garage2.,Mayer/Meyer French Gothic rowhouse,"Rough red-brown brick, brownstone basement/copings, elliptical entry, slightly bowed window group, carved frieze, ogee gable with finial, two attic lights, tall chimneys.","Preserve the narrow party-wall proportion and unique gable, not a scaled Wheeler front. Published 27 by 82 ft lead is not automatically a surveyed footprint.","T-1913, T-1914",T-1938
frontage-35-076,2011,east,35,2½B; rear2B,brick with stone front,D,Rear garage2.,Romanesque neighbour of Mayer,"Rough ashlar front, round-arched entrance, rounded corner turret/conical cap, high stoop, brick side/rear wings.",Model the visible neighbour from Mayer photograph and 1895 Reid plate; do not leave it generic because it lacks a named record.,T-1915,T-1938
frontage-35-077,2013,east,35,3B; rear2B,fireproof construction,D,Explicit Fire Proof Construction label; rear garage2.,Reid classical/fireproof townhouse,"1894 front with classical portico, rusticated lower wall, window surrounds, heavy cornice, roof balustrade/urns and narrow party-wall/rear envelope.","1911 fireproof label is a construction-class observation, not a literal facade material. Use 1895 publication to recover losses in later photos.",T-1916,T-1938
frontage-35-078,2017,east,35,3B; rear1B/2B,brick with stone front,D,Rear garage2.,Stone-front masonry,"Map-bound main body and attached wings; masonry corner bonds, recessed sash, lintels, foundation and high stoop; independently declared roof, gutters, chimneys and rear elevation. Rear garage2.","Facade design, roof pitch, colours and unseen windows are reconstructed. Raw map notation 3B; rear1B/2B remains unexpanded until key interpretation; map plan controls plan shape, not a supposedly measured facade.",T-1917,T-1938
frontage-35-079,2021,east,35,2½B; rear2B/1B,brick,D,Rear garage2.,High brick gabled/turret house,"Steep main gable, conical rounded corner tower, arched entry, broad side wing with secondary gable, stone basement and tall chimney.",Undated High image may show rebuilding after the early Adams house; backcast only supported envelope. Sanborn 2.5-storey notation is not an exact height.,T-1917,T-1938
frontage-35-080,2027,east,35,2½B; rear2B,brick,D,Rear barn2.,Cobb-associated map-led villa,"Brick 2.5-storey/basement body, rear two-storey range and barn; restrained roof and openings with separate service elevation.",Cobb household association is unresolved. Use mapped plan and matched late-Victorian local analogues; no borrowed named mansion facade.,T-1917,T-1938
frontage-35-081,2031,east,35,3B; rear2B,brick with stone front,D,Attached row; rear garage2.,Lemont-limestone Italianate row,"25-foot lot working module, stone front, brick party walls, full-height bay where supported, high stoop, hooded windows, bracketed cornice and rear wing.",Lot width is not house width. Do not borrow the Dewey drawing at 2631; the 2031 newspaper attribution conflicts with AIC location.,T-1918,T-1938
frontage-35-082,2033,east,35,3B; rear2B,brick with stone front,D,Attached row; rear garage2.,Otis Italianate rowhouse,"Narrow stone facade, full-height canted bay, carved segmental hoods, bracketed cornice, pedimented double-door hood, high stoop and iron boundary.","1946 Evans image shows later surroundings after neighbours vanished; use surviving facade only, recreate 1904 neighbours separately.",T-1918,T-1938
frontage-35-083,2035,east,35,3B,brick with stone front,D,Corner rowhouse; rear mixed brick/frame building Brick1st annotation.,Corner of limestone row,"Coordinate cornice/party wall with 2031/2033 but author corner return, high stoop, window hoods and its mixed brick/frame rear building independently.",Shared row is not three identical copies. Exact corner fenestration is reconstructed unless directly visible in a dated view.,T-1918,T-1938
frontage-35-084,2101,east,35,2½B,brick,D,Rear garage2.,Brick masonry,"Map-bound main body and attached wings; masonry corner bonds, recessed sash, lintels, foundation and high stoop; independently declared roof, gutters, chimneys and rear elevation. Rear garage2.","Facade design, roof pitch, colours and unseen windows are reconstructed. Raw map notation 2½B remains unexpanded until key interpretation; map plan controls plan shape, not a supposedly measured facade.",T-1924,T-1938
frontage-35-085,2109,east,35,3B,brick,D,Rear garage2.,Roloson partly seen in Armour photograph,"Map-bound three-storey brick house, possible two-level veranda and mansard tower visible north of Armour, separate rear service building.",Neighbour attribution is provisional. Retain veranda/tower as inferred only after image orientation and lot widths agree; otherwise use constrained plain masonry envelope.,T-1924,T-1938
frontage-35-086,2115,east,35,3B,brick with stone front,D,Rear garage2.,Kelley/Armour Second Empire,"Three-storey masonry with quoins/belts, paired round arches and keystones, central arched doorway and pediment, broad stone stair with stepped cheeks, patterned slate mansard and cresting.",Photograph tonal values do not prove white paint or stone species. Philip Armour was deceased by 1904; no personal occupancy assumption is needed for geometry.,T-1925,T-1938
frontage-35-087,2123,east,35,3B; rear2B,brick with stone front,D,Rear garage2.,Stone-front masonry,"Map-bound main body and attached wings; masonry corner bonds, recessed sash, lintels, foundation and high stoop; independently declared roof, gutters, chimneys and rear elevation. Rear garage2.","Facade design, roof pitch, colours and unseen windows are reconstructed. Raw map notation 3B; rear2B remains unexpanded until key interpretation; map plan controls plan shape, not a supposedly measured facade.",T-1930,T-1938
frontage-35-088,2125,east,35,2BB; rear1BB,frame,D,Rear stable2.,Frame dwelling,"Map-bound main body and attached wings; painted clapboard, timber sash/eaves and porch; independently declared roof, gutters, chimneys and rear elevation. Rear stable2.","Facade design, roof pitch, colours and unseen windows are reconstructed. Raw map notation 2BB; rear1BB remains unexpanded until key interpretation; map plan controls plan shape, not a supposedly measured facade.",T-1930,T-1938
frontage-35-089,2127,east,35,3B,brick,F,Attached flats with2129.,Brick masonry,"Map-bound main body and attached wings; masonry corner bonds, recessed sash, lintels, foundation and high stoop; independently declared roof, gutters, chimneys and rear elevation. Attached flats with2129.","Facade design, roof pitch, colours and unseen windows are reconstructed. Raw map notation 3B remains unexpanded until key interpretation; map plan controls plan shape, not a supposedly measured facade.",T-1931,T-1938
frontage-35-090,2129,east,35,3B,brick,F,Attached flats with2127.,Brick masonry,"Map-bound main body and attached wings; masonry corner bonds, recessed sash, lintels, foundation and high stoop; independently declared roof, gutters, chimneys and rear elevation. Attached flats with2127.","Facade design, roof pitch, colours and unseen windows are reconstructed. Raw map notation 3B remains unexpanded until key interpretation; map plan controls plan shape, not a supposedly measured facade.",T-1931,T-1938
frontage-35-091,2141,east,35,,none,vacant frontage,Corner frontage has no dwelling footprint.,Non-building/phase conflict,"Reserve lot surface, boundary and any separate rear structure; build a front house only where the 1904 reconciliation justifies it.","Working state is open frontage with bounded landscape, not a house; 1904 vacancy remains inferred from backcast, and detached rear fabric is assessed independently.",T-1931,T-1938
