parcel_id,addresses,side,frontage_ft,building_ids,ticket_ids,limitation
prairie_1600,1600,west,35.1,,T-1859,"Existing traced viewer parcel, not a surveyed 1904 footprint or unique-building count"
prairie_1604,1604,west,28.4,,T-1859,"Existing traced viewer parcel, not a surveyed 1904 footprint or unique-building count"
prairie_1608,1608,west,29.0,,T-1859,"Existing traced viewer parcel, not a surveyed 1904 footprint or unique-building count"
prairie_1612,1612,west,51.0,pa-1612-1,T-1860,"Existing traced viewer parcel, not a surveyed 1904 footprint or unique-building count"
prairie_1616,1616,west,34.0,,T-1860,"Existing traced viewer parcel, not a surveyed 1904 footprint or unique-building count"
prairie_1616_1620,,west,25.5,,T-1842,"Existing traced viewer parcel, not a surveyed 1904 footprint or unique-building count"
prairie_1620,1620,west,27.5,pa-1620-1904-correction,T-1861,"Existing traced viewer parcel, not a surveyed 1904 footprint or unique-building count"
prairie_1620_1626,,west,24.7,,T-1842,"Existing traced viewer parcel, not a surveyed 1904 footprint or unique-building count"
prairie_1626,1626,west,26.4,,T-1862,"Existing traced viewer parcel, not a surveyed 1904 footprint or unique-building count"
prairie_1628,1628,west,22.7,,T-1862,"Existing traced viewer parcel, not a surveyed 1904 footprint or unique-building count"
prairie_1630,1630,west,28.1,pa-1630-50,T-1862,"Existing traced viewer parcel, not a surveyed 1904 footprint or unique-building count"
prairie_1634,1634,west,24.6,,T-1863,"Existing traced viewer parcel, not a surveyed 1904 footprint or unique-building count"
prairie_1636,1636,west,25.5,,T-1863,"Existing traced viewer parcel, not a surveyed 1904 footprint or unique-building count"
prairie_1638,1638,west,42.0,pa-1638-2,"T-1864, T-1865","Existing traced viewer parcel, not a surveyed 1904 footprint or unique-building count"
prairie_1700,1700;1702;1706,west,73.1,pa-1702-43;pa-1700-52;pa-1706-53,T-1871,"Existing traced viewer parcel, not a surveyed 1904 footprint or unique-building count"
prairie_1708,1708,west,25.0,pa-1708-54,T-1872,"Existing traced viewer parcel, not a surveyed 1904 footprint or unique-building count"
prairie_1712,1712,west,50.9,,T-1872,"Existing traced viewer parcel, not a surveyed 1904 footprint or unique-building count"
prairie_1720,1720,west,81.1,pa-1720-55,T-1873,"Existing traced viewer parcel, not a surveyed 1904 footprint or unique-building count"
prairie_1726,1726,west,60.9,pa-1726–1728-s.-prairie-avenue-(predecessor)-51,T-1874,"Existing traced viewer parcel, not a surveyed 1904 footprint or unique-building count"
prairie_1730,1730,west,58.4,,T-1874,"Existing traced viewer parcel, not a surveyed 1904 footprint or unique-building count"
prairie_1736,1736,west,23.2,pa-1736-49,T-1874,"Existing traced viewer parcel, not a surveyed 1904 footprint or unique-building count"
prairie_1601,1601,east,48.9,,T-1866,"Existing traced viewer parcel, not a surveyed 1904 footprint or unique-building count"
prairie_1605,1605,east,40.6,,T-1840,"Existing traced viewer parcel, not a surveyed 1904 footprint or unique-building count"
prairie_1607,1607;1611,east,49.6,pa-1609-1904-correction;pa-1611-1904-correction,T-1867,"Existing traced viewer parcel, not a surveyed 1904 footprint or unique-building count"
prairie_1613,1613,east,25.6,,T-1868,"Existing traced viewer parcel, not a surveyed 1904 footprint or unique-building count"
prairie_1615,1615,east,25.1,,T-1868,"Existing traced viewer parcel, not a surveyed 1904 footprint or unique-building count"
prairie_1619,1619,east,29.8,,T-1868,"Existing traced viewer parcel, not a surveyed 1904 footprint or unique-building count"
prairie_1621,1621,east,25.6,,T-1869,"Existing traced viewer parcel, not a surveyed 1904 footprint or unique-building count"
prairie_1623,1623,east,24.0,,T-1869,"Existing traced viewer parcel, not a surveyed 1904 footprint or unique-building count"
prairie_1625,1625,east,29.7,pa-1635-48,T-1869,"Existing traced viewer parcel, not a surveyed 1904 footprint or unique-building count"
prairie_1625_1637_a,,east,27.2,,T-1842,"Existing traced viewer parcel, not a surveyed 1904 footprint or unique-building count"
prairie_1625_1637_b,,east,25.3,,T-1842,"Existing traced viewer parcel, not a surveyed 1904 footprint or unique-building count"
prairie_1625_1637_c,,east,18.7,,T-1842,"Existing traced viewer parcel, not a surveyed 1904 footprint or unique-building count"
prairie_1637,1637,east,56.9,pa-1637-45,T-1870,"Existing traced viewer parcel, not a surveyed 1904 footprint or unique-building count"
prairie_1701,1701,east,108.5,pa-1701-3,"T-1875, T-1876","Existing traced viewer parcel, not a surveyed 1904 footprint or unique-building count"
prairie_1709,1709,east,100.3,pa-1709-46;pa-1709-s.-prairie-avenue-(successor)-47,T-1877,"Existing traced viewer parcel, not a surveyed 1904 footprint or unique-building count"
prairie_1721,1721,east,67.5,pa-1721-4,"T-1878, T-1879","Existing traced viewer parcel, not a surveyed 1904 footprint or unique-building count"
prairie_1729,1729,east,140.6,pa-1729-5,"T-1880, T-1881","Existing traced viewer parcel, not a surveyed 1904 footprint or unique-building count"
prairie_1800,1800,west,74.7,pa-1800-22,existing Glessner,"Existing traced viewer parcel, not a surveyed 1904 footprint or unique-building count"
prairie_1808,1808,west,38.1,pa-1808-6;pa-1804–1808-s.-prairie-avenue-(predecessors)-44,"T-1882, T-1883","Existing traced viewer parcel, not a surveyed 1904 footprint or unique-building count"
prairie_1812,1812,west,28.0,pa-1812-7,"T-1884, T-1885","Existing traced viewer parcel, not a surveyed 1904 footprint or unique-building count"
prairie_1816,1816,west,74.2,pa-1816-33,T-1886,"Existing traced viewer parcel, not a surveyed 1904 footprint or unique-building count"
prairie_1824,1824,west,68.0,pa-1824-8,T-1887,"Existing traced viewer parcel, not a surveyed 1904 footprint or unique-building count"
prairie_1828,1828,west,43.2,,T-1887,"Existing traced viewer parcel, not a surveyed 1904 footprint or unique-building count"
prairie_1834,1834,west,54.8,pa-1834-9,T-1888,"Existing traced viewer parcel, not a surveyed 1904 footprint or unique-building count"
prairie_1834_1900,,west,23.9,,T-1842,"Existing traced viewer parcel, not a surveyed 1904 footprint or unique-building count"
prairie_1900,1900,west,50.7,pa-1900-25,T-1897,"Existing traced viewer parcel, not a surveyed 1904 footprint or unique-building count"
prairie_1906,1906;1908,west,100.2,pa-1906-34,T-1898,"Existing traced viewer parcel, not a surveyed 1904 footprint or unique-building count"
prairie_1912,1912,west,56.3,pa-1912-10,"T-1899, T-1900","Existing traced viewer parcel, not a surveyed 1904 footprint or unique-building count"
prairie_1918,1918 (1936),west,165.1,,T-1841,"Existing traced viewer parcel, not a surveyed 1904 footprint or unique-building count"
prairie_1936,1936,west,25.8,pa-1936-11,"T-1901, T-1902","Existing traced viewer parcel, not a surveyed 1904 footprint or unique-building count"
prairie_1801,1801,east,84.2,pa-1801-23,"T-1889, T-1890","Existing traced viewer parcel, not a surveyed 1904 footprint or unique-building count"
prairie_1811,1811,east,45.7,pa-1811-24,"T-1891, T-1892","Existing traced viewer parcel, not a surveyed 1904 footprint or unique-building count"
prairie_1815,1815,east,76.0,pa-1815-12,T-1893,"Existing traced viewer parcel, not a surveyed 1904 footprint or unique-building count"
prairie_1823,1823,east,57.2,pa-1823-13,T-1894,"Existing traced viewer parcel, not a surveyed 1904 footprint or unique-building count"
prairie_1827,1827,east,80.2,pa-1827-14,"T-1895, T-1896","Existing traced viewer parcel, not a surveyed 1904 footprint or unique-building count"
prairie_1901,1901,east,81.0,pa-1901-15,T-1903,"Existing traced viewer parcel, not a surveyed 1904 footprint or unique-building count"
prairie_1905,1905,east,166.7,pa-1905-16,"T-1904, T-1905","Existing traced viewer parcel, not a surveyed 1904 footprint or unique-building count"
prairie_1919,1919,east,61.3,pa-1919-26,"T-1906, T-1907","Existing traced viewer parcel, not a surveyed 1904 footprint or unique-building count"
prairie_1923,1923,east,100.3,pa-1923-35,T-1908,"Existing traced viewer parcel, not a surveyed 1904 footprint or unique-building count"
prairie_1945,1945,east,52.5,,T-1908,"Existing traced viewer parcel, not a surveyed 1904 footprint or unique-building count"
prairie_2000,2000;2010;2018,west,199.4,,"T-1909, T-1910","Existing traced viewer parcel, not a surveyed 1904 footprint or unique-building count"
prairie_2026,2026,west,116.0,,T-1910,"Existing traced viewer parcel, not a surveyed 1904 footprint or unique-building count"
prairie_2036,2036,west,61.3,pa-2036-38,T-1911,"Existing traced viewer parcel, not a surveyed 1904 footprint or unique-building count"
prairie_2100,2100,west,75.7,pa-2100-18,"T-1919, T-1920","Existing traced viewer parcel, not a surveyed 1904 footprint or unique-building count"
prairie_2108,2108,west,25.9,pa-2108-40,T-1921,"Existing traced viewer parcel, not a surveyed 1904 footprint or unique-building count"
prairie_2110,2110,west,26.6,pa-2110-30,"T-1922, T-1923","Existing traced viewer parcel, not a surveyed 1904 footprint or unique-building count"
prairie_2112,2112,west,49.1,pa-2112-39,T-1921,"Existing traced viewer parcel, not a surveyed 1904 footprint or unique-building count"
prairie_2120,2120,west,49.7,,T-1926,"Existing traced viewer parcel, not a surveyed 1904 footprint or unique-building count"
prairie_2126,2126,west,56.6,pa-2126-20,T-1926,"Existing traced viewer parcel, not a surveyed 1904 footprint or unique-building count"
prairie_2130,2130,west,44.8,pa-2130-42,T-1927,"Existing traced viewer parcel, not a surveyed 1904 footprint or unique-building count"
prairie_2140,2140,west,100.5,pa-2140-21,"T-1928, T-1929","Existing traced viewer parcel, not a surveyed 1904 footprint or unique-building count"
prairie_2001,2001,east,24.2,,T-1912,"Existing traced viewer parcel, not a surveyed 1904 footprint or unique-building count"
prairie_2003,2003,east,22.6,,T-1912,"Existing traced viewer parcel, not a surveyed 1904 footprint or unique-building count"
prairie_2005,2005,east,23.4,,T-1912,"Existing traced viewer parcel, not a surveyed 1904 footprint or unique-building count"
prairie_2009,2009,east,28.9,pa-2009-17,"T-1913, T-1914","Existing traced viewer parcel, not a surveyed 1904 footprint or unique-building count"
prairie_2011,2011,east,24.6,,T-1915,"Existing traced viewer parcel, not a surveyed 1904 footprint or unique-building count"
prairie_2013,2013,east,26.5,pa-2013-29,T-1916,"Existing traced viewer parcel, not a surveyed 1904 footprint or unique-building count"
prairie_2017,2017,east,49.8,,T-1917,"Existing traced viewer parcel, not a surveyed 1904 footprint or unique-building count"
prairie_2021,2021,east,50.5,pa-2021-36,T-1917,"Existing traced viewer parcel, not a surveyed 1904 footprint or unique-building count"
prairie_2027,2027,east,49.7,pa-2027-37,T-1917,"Existing traced viewer parcel, not a surveyed 1904 footprint or unique-building count"
prairie_2031,2031,east,25.9,pa-2031-nrhp,T-1918,"Existing traced viewer parcel, not a surveyed 1904 footprint or unique-building count"
prairie_2033,2033,east,25.0,pa-2033-nrhp,T-1918,"Existing traced viewer parcel, not a surveyed 1904 footprint or unique-building count"
prairie_2035,2035,east,25.5,pa-2035-nrhp,T-1918,"Existing traced viewer parcel, not a surveyed 1904 footprint or unique-building count"
prairie_2101,2101,east,76.5,,T-1924,"Existing traced viewer parcel, not a surveyed 1904 footprint or unique-building count"
prairie_2109,2109,east,49.6,pa-2109-41,T-1924,"Existing traced viewer parcel, not a surveyed 1904 footprint or unique-building count"
prairie_2115,2115,east,60.4,pa-2115-19,T-1925,"Existing traced viewer parcel, not a surveyed 1904 footprint or unique-building count"
prairie_2123,2123,east,41.0,,T-1930,"Existing traced viewer parcel, not a surveyed 1904 footprint or unique-building count"
prairie_2125,2125,east,49.9,,T-1930,"Existing traced viewer parcel, not a surveyed 1904 footprint or unique-building count"
prairie_2127,2127;2129,east,51.1,,T-1931,"Existing traced viewer parcel, not a surveyed 1904 footprint or unique-building count"
prairie_2129_2141,,east,48.8,,T-1842,"Existing traced viewer parcel, not a surveyed 1904 footprint or unique-building count"
prairie_2141,2141,east,51.3,,T-1931,"Existing traced viewer parcel, not a surveyed 1904 footprint or unique-building count"
