number,id,title,date,scope,review_status,audit_note,catalog_url,rights,sha256
1,npo-bluebook-1904-p186-prairie-avenue-1600-1816,"The Chicago Blue Book, 1904 — street list 'PRAIRIE AVENUE.', p. 186 (east side 1619–2009, west side 1600–1816)","1904 (Blue Book for 1904, compiled late 1903)",context/interior,text metadata inventoried,,https://archive.org/details/chicagobluebooko1904chic/page/n187/mode/1up,public domain,
2,a16-cgy-hibbardville-map-1940,"""Hibbardville"" (sketch map, Stirling Dickinson, great-grandson) — from Addie Hibbard Gregory, A Great-Grandmother Remembers (1940)","1940 (publication); depicts the neighbourhood of the author's childhood and later years, not a single date",exterior/courtyard,visually inspected,,https://chicagology.com/chicagostreets/prairieavenue/1638prairie/,copyright — link only,f68af455ad8924aee82571bb29db8e84c190ec64136f2ad642fe1d00d839edbc
3,cgn-1804-landowner-1874-double-house,"588 & 590 Prairie, Double House [The Land Owner, May 1874 — crop]",May 1874,exterior/courtyard,visually inspected,,https://chicagology.com/chicagostreets/prairieavenue/1804prairie/,public domain,be951d92a061bab3bd1682b45358b0ee1ce98c875d40e61bae2d5088d3149105
4,a18-gh-1800-block-looking-sw-c1888,"The 1800 block of Prairie Avenue looking south-west from 18th Street, c. 1888",c. 1888,exterior/courtyard,visually inspected,,https://glessnerhouse.blogspot.com/2022/12/the-original-odd-quaint-queer-dutch.html,unknown — link only,1f104aa89da3e6d573f3530152467a4a5d72483a8da32cd7ebe59737a3d7184d
5,a18-gh-1800-block-sw-george-glessner,"1800 block of Prairie Avenue looking southwest; Glessner House at right. Photo by George Glessner, circa 1888.",circa 1888,exterior/courtyard,visually inspected,,https://glessnerhouse.blogspot.com/2021/03/the-chicago-womens-park-and-gardens.html,pending — permission requested,7bbe83f1475cad2414a156cafef0650122ee2ecff1f96e16e3fb4b6d98033aa6
6,a18-gho-house-under-construction-1887,"Glessner House during construction, 1887",1887,exterior/courtyard,visually inspected,,https://www.glessnerhouse.org/house-under-construction,unknown — link only,63b53e44a664bca87f71a96c47911cd7e3fa2b029bd23afc15f2ee7d0a3cbcd3
7,a18-inland-architect-1888-02-glessner-plate,"Residence of J. J. Glessner, Chicago. H. H. Richardson, Architect. (The Inland Architect and News Record, vol. XI no. 1, February 1888)",February 1888 (photograph winter 1887–88),exterior/courtyard,visually inspected,,https://archive.org/details/sim_inland-architect-and-news-record_1888-02_11_1/page/n18,public domain,ddd630fe2f8789256c8e847b4281a886bd935ddd1e0f8a56c728ddcfb0882199
8,a18-rba-taylor-2135-glessner-ne,"Glessner, John J., Residence (1800 S. Prairie Ave.) — view from NE (J. W. Taylor #2135)",c. 1889 (RBA); likely 1887–88,exterior/courtyard,visually inspected,,https://artic.contentdm.oclc.org/digital/collection/mqc/id/28805,public domain,8f8c80a1fa6df906463ed8514b631ea6785b5b4b9b15b9d1e30b717da86c0a04
9,st-flinn-1891-a-bit-of-prairie-avenue,"A Bit of Prairie Avenue — Flinn, Chicago, the marvelous city of the West (1891), facing p. 429",1891 (publication),exterior/courtyard,visually inspected,,https://archive.org/details/chicagomarvelous1891flin/page/n569/mode/1up,public domain,2f02906b4803252478e03781852a540cb1278793309e82b0a0a5d32040c3b5f3
10,st-flinn-1892-looking-south-prairie-from-18th,"Looking South on Prairie Avenue from Eighteenth St. [Engraved for The Standard Guide Company.] — Flinn, Chicago, the marvelous city of the West (1892), facing p. 464",1892 (publication; photograph 1887–92),exterior/courtyard,visually inspected,,https://archive.org/details/chicagomarvelou00flin/page/n602/mode/1up,public domain,2ed2906898b0a7e706b0b3047ebfdafbb3e93e8f2f2e2a68dee60aa5fb153acc
11,st-ghm-postcard-1908-prairie-south-at-18th,Prairie Avenue 1908 [postcard: Prairie Avenue looking south at 18th Street],postmarked 1908 (photograph published by 1892),exterior/courtyard,visually inspected,,https://www.glessnerhouse.org/prairie-avenue-1908,public domain,12c38381e0b0df31a3370f23f1ca0452c04519c1a7e082528ed80c3b5ef8c8d7
12,st-picturesque-chicago-1892-prairie-avenue-p199,"Prairie Avenue. — Picturesque Chicago and guide to the World's Fair (Baltimore: R. H. Woodward, 1892), plate facing p. 199",1892 (publication),exterior/courtyard,visually inspected,,https://archive.org/details/picturesquechica00baltiala/page/n220/mode/1up,public domain,1c2d48daa3facf4070b784fb18077c7140a44743fa9356fcfeadcf816f330ff0
13,a18-gh-glessner-front-with-keith,"Glessner House Prairie Avenue front, with the O. R. Keith house (1808) at far left",undated (probably 1890s–1920s),exterior/courtyard,visually inspected,,https://glessnerhouse.blogspot.com/2022/12/the-original-odd-quaint-queer-dutch.html,unknown — link only,1e21492ce60fa9e4e8e672f26b55dd871dd7221e236e571bc06ebb19aed3b7ad
14,a18-cgy-elevation-strip-1800-1900-blocks,"""East Side of Prairie Ave."" / ""West Side of Prairie Ave."" — measured-style street elevation drawing of the 1800 and 1900 blocks",undated drawing (depicts the blocks c. 1890s–1914),exterior/courtyard,visually inspected,,https://chicagology.com/chicagostreets/prairieavenue/,unknown — link only,13b387ce06898c5b5e96a10197d52d60a68d262521576179789e1bbb58aede05
15,a18-eoc-10382,"View of Prairie Avenue South of 18th Street, n.d. (J. W. Taylor; ICHi-37646)",n.d.,exterior/courtyard,unavailable image: catalog only,,http://www.encyclopedia.chicagohistory.org/pages/10382.html,copyright — link only,
16,a18-rba-taylor-9974-prairie-south-from-18th,"Prairie Avenue (Taylor #9974), looking south from 18th St.",undated (before 1908: a colourised version was published as a postcard postmarked 1908); mature trees suggest c. 1895–1907,exterior/courtyard,visually inspected,,https://artic.contentdm.oclc.org/digital/collection/mqc/id/49168,public domain,c19641e8c90e5b29a4fe51edd650909dab6a9618a63c24ecbd362d3bd449b4f3
17,st-cl1973-p24-sidewalk-view-9974,"[Prairie Avenue looking south from 18th Street along the west sidewalk, Glessner house at right — uncaptioned plate, PDF p. 24, negative no. ""9974""]",undated historic photograph (reproduced 1973),exterior/courtyard,unavailable image: catalog only,,https://reports.chicagolandmarkreports.org/prairie-avenue-district.pdf,unknown — link only,
18,st-randmcnally-1893-p233-west-1700-1800,"Prairie Avenue (looking North West) [west side, 1702–1812] — 'Views of Chicago', p. 233",1893,exterior/courtyard,visually inspected,,https://archive.org/details/randmcnallycosbi00lawr/page/233/mode/1up,public domain,82af4d9c96fa77c6644f8dc1970c5bfc63b9b46df2083a56ae27663f5e65446a
19,a18-rba-lowe-taylor-9974-copy,"Glessner, John J., Residence (1800 S. Prairie Ave.) — streetscape, c. 1900 (D. G. Lowe collection print of Taylor #9974)",c. 1900,exterior/courtyard,visually inspected,,https://artic.contentdm.oclc.org/digital/collection/mqc/id/75920,public domain,cbbc221eb5f50b8f5f2d6ae243e7917701d70c3e837e4e161141cef19b03d57f
20,a18-gh-1911-map-west-1800-block,"The block bounded by 18th St, Prairie, Cullerton (20th) and Indiana as it appeared in 1911 (annotated insurance map)",1911 (map); annotated 2021,exterior/courtyard,visually inspected,,https://glessnerhouse.blogspot.com/2021/03/the-chicago-womens-park-and-gardens.html,unknown — link only,32386174e86d65c91d6f8dfa3bdf87b4db0d0262dcdf2eb7575257073fb124ca
21,a18-gh-1935-donnelley-aerial,"Aerial view from the tower of the R. R. Donnelley building, 1935",1935,exterior/courtyard,visually inspected,,https://glessnerhouse.blogspot.com/2021/03/the-chicago-womens-park-and-gardens.html,unknown — link only,1a60f8ebb20704a3764257401e0ce99bf3e4de9ca34824904da92b6965a24df6
22,a18-rba-reed-1941-prairie-north-from-1820,"Prairie Avenue looking north from approximately 1820 S. Prairie (Earl H. Reed for the Chicago Plan Commission, 1941–42)",1941–1942,exterior/courtyard,visually inspected,,https://artic.contentdm.oclc.org/digital/collection/mqc/id/65672,unknown — link only,fb3f281474a76a85264a99f2c52dc559ddfd175c2713cb8cb0672a9a36cdb39b
23,a18-rba-reed-1941-prairie-south-at-18th,"Prairie Avenue at 18th St., looking south (Earl H. Reed for the Chicago Plan Commission, 1941–42)",1941–1942,exterior/courtyard,visually inspected,,https://artic.contentdm.oclc.org/digital/collection/mqc/id/65592,unknown — link only,500c5a7d37a10f42e2429e8ab3fdad597915b885a8ea6b1f00822e08dd6c119b
24,a18-gh-florian-1948-ne-exterior,"Glessner House from the north-east, July 1948 (Robert C. Florian)",July 1948,exterior/courtyard,visually inspected,"Image is original porte-cochere doors (GX112.10), not northeast exterior.",https://glessnerhouse.blogspot.com/2023/07/glessner-house-july-1948.html,copyright — link only,d2eaf4aeee58015370c758263cf8c265fb99a4559d9740e57e46261569117a4d
25,a18-eoc-10389,"Prairie Avenue South of 18th Street, 1951",1951,exterior/courtyard,unavailable image: catalog only,,http://www.encyclopedia.chicagohistory.org/pages/10389.html,copyright — link only,
26,a18-gh-1812-1808-1800-mid1950s,1812 S. Prairie Avenue (far left) in the mid-1950s; Glessner House at right,mid-1950s,exterior/courtyard,visually inspected,,https://glessnerhouse.blogspot.com/2016/09/charles-jackson-first-caretaker-of.html,unknown — link only,eaa6ca4c076a1627688c4760ce6f8a8d26eb5aa2fb0c5ed5ab4bfbadbd907229
27,a18-gh-1808-porch-1965,Charles A. Jackson sitting on the porch of 1808 S. Prairie Avenue in 1965,1965,exterior/courtyard,visually inspected,,https://glessnerhouse.blogspot.com/2016/09/charles-jackson-first-caretaker-of.html,copyright — link only,bc30dd74895da5f8c37e1a6e1ebb8f0be54b627da5874860c379c81bcb08a008
28,a18-gh-nickel-1967-1812-1808-1800,"Wheeler house (1812), Keith house (1808), and Glessner house (1800 S. Prairie Avenue), 1967",1967,exterior/courtyard,visually inspected,,https://glessnerhouse.blogspot.com/2022/04/richard-nickel-and-glessner-house.html,copyright — link only,962998073eba10418d0e96f0407ebdbcc5bdc85372611f791a82063bdd5927e2
29,a18-city1973-landmarks-report,"Prairie Avenue: Chicago's First Gold Coast (Commission on Chicago Historical and Architectural Landmarks, March 1973)",March 1973,context/interior,unavailable image: catalog only,,https://reports.chicagolandmarkreports.org/prairie-avenue-district.pdf,unknown — link only,
30,a18-cgy-inter-ocean-1887-palace-avenue,"""Palace Avenue. Its More Plebian but Better Known Title of Prairie."" (Chicago Inter Ocean, January 2, 1887) — transcription","January 2, 1887",context/interior,unavailable image: catalog only,,https://chicagology.com/chicagostreets/prairieavenue/,public domain,
31,a18-gh-landowner-1874-glessner-site,"""Prairie Avenue looking southwest at 18th Street"" (The Land Owner, May 1874) — the Glessner site before 1886",May 1874,exterior/courtyard,visually inspected,,https://glessnerhouse.blogspot.com/2014/06/prairie-avenue-in-1874.html,public domain,568e486ca01e8aafa1fb34fdcfca850c12de205735ee8dac5db38036bdabb6bc
32,a18-cgy-1804-tribune-1885-sale,"""Significant Sale of a Residence Lot"" — sale of the SW corner of Prairie and 18th to J. J. Glessner (Chicago Tribune, April 19, 1885)","April 19, 1885",context/interior,unavailable image: catalog only,,https://chicagology.com/chicagostreets/prairieavenue/1804prairie/,public domain,
33,a18-gh-courtyard-watercolor,"Glessner House courtyard, watercolor rendering","undated (design period, 1885–1887?)",exterior/courtyard,visually inspected,"Design watercolor, not proof of the built conservatory or fountain.",https://glessnerhouse.blogspot.com/2022/12/the-original-odd-quaint-queer-dutch.html,unknown — link only,ab518d2a9484e4da525941ccc54940bc71d47036afad8a97160ffa27b1b6c7a8
34,a18-gh-glessner-main-hall-1885-rendering,"Rendering of the main hall, 1885 (Office of H. H. Richardson)",1885,context/interior,"excluded: interior detail, metadata screened",,https://glessnerhouse.blogspot.com/2020/05/preservation-month-part-ii-main-hall.html,unknown — link only,7ab6843842a7d102a080a313d4defbe295f39b15d523c482674490f738e0b92f
35,a18-glessner-habs-photo-12,Photocopy of preliminary design,undated preliminary design (copied for HABS),exterior/courtyard,visually inspected,Preliminary unbuilt central-gable scheme.,https://hdl.loc.gov/loc.pnp/hhh.il0118/photos.060914p,unknown — link only,2e01b208663710ff179aba66639296fc055055588c1c8ea2f423ffec8c10f744
36,a18-glessner-houghton-gle-b1,Facade elevation (variant),1885–1887 (project dates; sheet undated),exterior/courtyard,visually inspected,,https://hollisarchives.lib.harvard.edu/catalog/hou00434_hou00434c00106,copyright — link only,de838f5d6a99a27117332fd6c32dfa9923dc824a9971a7dffe97a2a446de92fa
37,a18-glessner-houghton-gle-b2,Facade (watercolor),1885–1887 (project dates; sheet undated),exterior/courtyard,visually inspected,"Preliminary design, not the built Prairie elevation.",https://hollisarchives.lib.harvard.edu/catalog/hou00434_hou00434c00106,copyright — link only,ecd16f6013adcd409138eab8f8f28ce5cef7039b0efee084cf30879a136ef0f5
38,a18-glessner-houghton-gle-b6,Sketch elevation of facade,1885–1887 (project dates; sheet undated),exterior/courtyard,visually inspected,,https://hollisarchives.lib.harvard.edu/catalog/hou00434_hou00434c00106,copyright — link only,a7c7a88f88f239705955bd6b792af10a9bb985f2a6b0e75adac7368b974ab511
39,a18-glessner-houghton-gle-b7,Sketch elevation of side,1885–1887 (project dates; sheet undated),exterior/courtyard,visually inspected,,https://hollisarchives.lib.harvard.edu/catalog/hou00434_hou00434c00106,copyright — link only,40949eac3c5c9090deb24678c5d901d00c7d9bfe563394ddc8eb626294aed84f
40,a18-glessner-houghton-gle-b9,Sketch elevation of side,1885–1887 (project dates; sheet undated),exterior/courtyard,visually inspected,,https://hollisarchives.lib.harvard.edu/catalog/hou00434_hou00434c00106,copyright — link only,4acdd360fb0c70bf2eb144e13a15305ab0e03d73604422d6019b9af05be0f5a0
41,a18-glessner-houghton-gle-d15,Court interior sketch (Glessner?),1885–1887 (project dates; sheet undated),exterior/courtyard,visually inspected,,https://hollisarchives.lib.harvard.edu/catalog/hou00434_hou00434c00106,copyright — link only,b899c6183e4f29edcdae8c4e9c64ffe4b0e6a30a6c3d9642d45c7628834efbaf
42,a18-glessner-houghton-gle-e3,Library: fireplace wall (working drawing),1885–1887 (project dates; sheet undated),context/interior,"excluded: interior detail, metadata screened",,https://hollisarchives.lib.harvard.edu/catalog/hou00434_hou00434c00106,copyright — link only,59ad5d42b587408f71495facbe4055bd3d2cb7fa7544aa4b7a271fae67a234c9
43,a18-glessner-houghton-gle-e4d,Drawing room: fireplace wall (working drawing),1885–1887 (project dates; sheet undated),context/interior,"excluded: interior detail, metadata screened",,https://hollisarchives.lib.harvard.edu/catalog/hou00434_hou00434c00106,copyright — link only,674345087b22446eaded5b6e5330640e147480ce1decf86c86df5c643a5d8e2b
44,a18-glessner-houghton-gle-e5y,Gas brackets in vestibule (working drawing),1885–1887 (project dates; sheet undated),interior detail (corrected audit classification),"excluded: interior detail, metadata screened",,https://hollisarchives.lib.harvard.edu/catalog/hou00434_hou00434c00106,copyright — link only,d83ee1d12b8a6cee05169a0f20650da454fb70154ce90dbf21834ebc4c50e154
45,a18-glessner-houghton-gle-f1,Perspective sketch,1885–1887 (project dates; sheet undated),exterior/courtyard,visually inspected,,https://hollisarchives.lib.harvard.edu/catalog/hou00434_hou00434c00106,copyright — link only,9040839e00ca06412f792e31b33b1f07e9d2ce9f896567dc0b176d1499e70803
46,a18-rba-glessner-prelim-elevation-slide,"Glessner, John J., Residence — preliminary elevation (lantern slide of the Houghton drawing)",c. 1885 (drawing); slide undated,exterior/courtyard,unavailable image: catalog only,,https://artic.contentdm.oclc.org/digital/collection/mqc/id/25521,unknown — link only,
47,a18-rba-mf-glessner-f27-prairie-elevation,"Glessner, John J., Residence (1800 S. Prairie Ave.) — Prairie Avenue Elevation",drawing 1885–1887; microfilmed March 1952,exterior/courtyard,visually inspected,Preliminary unbuilt central-gable scheme.,https://artic.contentdm.oclc.org/digital/collection/mqc/id/69491,public domain,4a3e701820c1f344474f875899eaa4c6df7030d9f9c7b09e0d94e2b1cee26ac2
48,a18-rba-mf-glessner-f28-entrance-detail,"Glessner, John J., Residence (1800 S. Prairie Ave.) — Entrance Detail. Sheet #23",drawing 1885–1887; microfilmed March 1952,exterior/courtyard,visually inspected,,https://artic.contentdm.oclc.org/digital/collection/mqc/id/69567,public domain,e6fba7e079a805cc6ba8f004b0e75dd5d7cead3405c66a82e8c89f2fbc8f0f46
49,a18-rba-mf-glessner-f29-entrance-detail-ink,"Glessner, John J., Residence (1800 S. Prairie Ave.) — Entrance Detail. Sheet #23A",drawing 1885–1887; microfilmed March 1952,exterior/courtyard,visually inspected,,https://artic.contentdm.oclc.org/digital/collection/mqc/id/69665,public domain,3efa3f14cb8591ddf3333c5c4d14a8e776abcab76060e1cc054d166786a7f215
50,a18-rba-mf-glessner-f30-chimney-caps,"Glessner, John J., Residence (1800 S. Prairie Ave.) — Chimney Caps. Sheet #26A",drawing 1885–1887; microfilmed March 1952,exterior/courtyard,visually inspected,,https://artic.contentdm.oclc.org/digital/collection/mqc/id/69221,public domain,6b0d71005d153e342980c0db4808740ed975f9b5d1097a12ea6d9a4380970cb6
51,a18-rba-mf-glessner-f31,"Glessner, John J., Residence (1800 S. Prairie Ave.) — Dining Room, north elevation. Sheet #32",drawing 1885–1887; microfilmed March 1952,context/interior,"excluded: interior detail, metadata screened",,https://artic.contentdm.oclc.org/digital/collection/mqc/id/69395,public domain,8d688c7d3365535cca85279b0b1f65a8c628ad792dd0923e84355ec7deed903b
52,a18-rba-mf-glessner-f32,"Glessner, John J., Residence (1800 S. Prairie Ave.) — Dining Room, east elevation. Sheet #34",drawing 1885–1887; microfilmed March 1952,context/interior,"excluded: interior detail, metadata screened",,https://artic.contentdm.oclc.org/digital/collection/mqc/id/69312,public domain,490272f1acf773138f82647e3e59d5061b5b01e97408cef02f2b281b7b6e8274
53,a18-rba-mf-glessner-f33,"Glessner, John J., Residence (1800 S. Prairie Ave.) — Dining Room, west elevation. Sheet #35",drawing 1885–1887; microfilmed March 1952,context/interior,"excluded: interior detail, metadata screened",,https://artic.contentdm.oclc.org/digital/collection/mqc/id/69188,public domain,cb865484e0c9014ae52f177268e4274e56fde4a7f42f95f5097789dbb9140ee5
54,a18-rba-mf-glessner-f34,"Glessner, John J., Residence (1800 S. Prairie Ave.) — Dining Room, ceiling plan. Sheet #37",drawing 1885–1887; microfilmed March 1952,interior detail (corrected audit classification),"excluded: interior detail, metadata screened",,https://artic.contentdm.oclc.org/digital/collection/mqc/id/69250,public domain,15e19d5cb9937eefa37417148134acfead031690b3d43a5df167685b3318b91c
55,a18-rba-mf-glessner-f35,"Glessner, John J., Residence (1800 S. Prairie Ave.) — Library Mantel, ink on tracing clothSheet #39",drawing 1885–1887; microfilmed March 1952,context/interior,"excluded: interior detail, metadata screened",,https://artic.contentdm.oclc.org/digital/collection/mqc/id/69375,public domain,c96c321381a3bc2f6042ef73bca0ebce5ca1041b60becd876717eae17907090c
56,a18-rba-mf-glessner-f36,"Glessner, John J., Residence (1800 S. Prairie Ave.) — Library, side elevation. Sheet #40A",drawing 1885–1887; microfilmed March 1952,context/interior,"excluded: interior detail, metadata screened",,https://artic.contentdm.oclc.org/digital/collection/mqc/id/69357,public domain,9c2b4ece39de8c252046f88efd3658318b6ff709aee0fae91fa54d6a4404d56d
57,a18-rba-mf-glessner-f37,"Glessner, John J., Residence (1800 S. Prairie Ave.) — Library, side elevation. Sheet #41A",drawing 1885–1887; microfilmed March 1952,context/interior,"excluded: interior detail, metadata screened",,https://artic.contentdm.oclc.org/digital/collection/mqc/id/69647,public domain,4832f85103ea5cc11dae69a0561354bf21740499ab6ff6655eb763cd5522fbcd
58,a18-rba-mf-glessner-f38,"Glessner, John J., Residence (1800 S. Prairie Ave.) — Library, end elevation. Sheet #42a",drawing 1885–1887; microfilmed March 1952,context/interior,"excluded: interior detail, metadata screened",,https://artic.contentdm.oclc.org/digital/collection/mqc/id/69427,public domain,dc080188dd1cc23990f024d8048111967f018879bc14945c8ba8778325818c4d
59,a18-rba-mf-glessner-f39,"Glessner, John J., Residence (1800 S. Prairie Ave.) — Library, ceiling plan. Sheet #46A",drawing 1885–1887; microfilmed March 1952,interior detail (corrected audit classification),"excluded: interior detail, metadata screened",,https://artic.contentdm.oclc.org/digital/collection/mqc/id/69694,public domain,1c0207db60bea93b3141a61231aa417c48db06e41d843f2f6f65485c0468e5c4
60,a18-rba-mf-glessner-f40,"Glessner, John J., Residence (1800 S. Prairie Ave.) — Drawing Room, elevation. Sheet #43",drawing 1885–1887; microfilmed March 1952,context/interior,"excluded: interior detail, metadata screened",,https://artic.contentdm.oclc.org/digital/collection/mqc/id/69589,public domain,a08b23c42755c07203f0e7dd303898c3a2f550d0ef4a5ff7bc5dd2b7318aae00
61,a18-rba-mf-glessner-f41,"Glessner, John J., Residence (1800 S. Prairie Ave.) — Drawing Room Mantel. Sheet #44",drawing 1885–1887; microfilmed March 1952,context/interior,"excluded: interior detail, metadata screened",,https://artic.contentdm.oclc.org/digital/collection/mqc/id/69234,public domain,b99f09abebd9ffdb7657f0a07ca4eac499b50f8d302d89e20196df12673142ed
62,a18-rba-mf-glessner-f42,"Glessner, John J., Residence (1800 S. Prairie Ave.) — Drawing Room, elevation. Sheet #45",drawing 1885–1887; microfilmed March 1952,context/interior,"excluded: interior detail, metadata screened",,https://artic.contentdm.oclc.org/digital/collection/mqc/id/69341,public domain,268a31723c46e64010af6d4710757aeff91015a9f0f6d1a9f7ca22d8cb9c0493
63,a18-rba-mf-glessner-f43,"Glessner, John J., Residence (1800 S. Prairie Ave.) — Drawing Room, elevation. Sheet #69A",drawing 1885–1887; microfilmed March 1952,context/interior,"excluded: interior detail, metadata screened",,https://artic.contentdm.oclc.org/digital/collection/mqc/id/69628,public domain,73a2fa9a7f945f903f14bfc2ba692c3294d48d42019ef69685dd943aaba7125b
64,a18-rba-mf-glessner-f44,"Glessner, John J., Residence (1800 S. Prairie Ave.) — School Room Mantel. Sheet #47",drawing 1885–1887; microfilmed March 1952,context/interior,"excluded: interior detail, metadata screened",,https://artic.contentdm.oclc.org/digital/collection/mqc/id/69311,public domain,a0b2da4da2664a19ec15fcf1b4cdddcb17ebabaca1b9065803869ecb694e0554
65,a18-rba-mf-glessner-f45,"Glessner, John J., Residence (1800 S. Prairie Ave.) — School Room Mantel. Sheet #47A",drawing 1885–1887; microfilmed March 1952,context/interior,"excluded: interior detail, metadata screened",,https://artic.contentdm.oclc.org/digital/collection/mqc/id/69278,public domain,29e55b5585e18620d5798636dd74a88ecc062e4b6e79a303c0c1a23c9388950c
66,a18-rba-mf-glessner-f46,"Glessner, John J., Residence (1800 S. Prairie Ave.) — School Room Mantel. Sheet #51",drawing 1885–1887; microfilmed March 1952,context/interior,"excluded: interior detail, metadata screened",,https://artic.contentdm.oclc.org/digital/collection/mqc/id/69614,public domain,608339f3516bc6f7ab4404932292e17d43498ab2fb03ccd0bd7c7bf7f3edb9e1
67,a18-rba-mf-glessner-f47,"Glessner, John J., Residence (1800 S. Prairie Ave.) — Hall Staircase, elevation. Sheet #48",drawing 1885–1887; microfilmed March 1952,context/interior,"excluded: interior detail, metadata screened",,https://artic.contentdm.oclc.org/digital/collection/mqc/id/69179,public domain,ed84ec0652dc034f5c172ada0598620de943088f04bd0625aad42a7dc3942122
68,a18-rba-mf-glessner-f48,"Glessner, John J., Residence (1800 S. Prairie Ave.) — Hall Staircase, side elevation. Sheet #49",drawing 1885–1887; microfilmed March 1952,context/interior,"excluded: interior detail, metadata screened",,https://artic.contentdm.oclc.org/digital/collection/mqc/id/69327,public domain,1dc96bf4224dbbf563956eb5ff2ec324528c11892806264e73943b64063a33f8
69,a18-rba-mf-glessner-f49,"Glessner, John J., Residence (1800 S. Prairie Ave.) — Hall Mantel. Sheet #50",drawing 1885–1887; microfilmed March 1952,context/interior,"excluded: interior detail, metadata screened",,https://artic.contentdm.oclc.org/digital/collection/mqc/id/69390,public domain,795edbc77313c0b12c21f0379e7aa2c9233ee7481dfe1feececc9301c9403dfe
70,a18-rba-mf-glessner-f50,"Glessner, John J., Residence (1800 S. Prairie Ave.) — Mantel in Guest Room A. Sheet #52",drawing 1885–1887; microfilmed March 1952,context/interior,"excluded: interior detail, metadata screened",,https://artic.contentdm.oclc.org/digital/collection/mqc/id/69570,public domain,46304d1b30a4b7afeddb6b757113653e4d70447ed02d05ff99b6e4d0f350b124
71,a18-rba-mf-glessner-f51,"Glessner, John J., Residence (1800 S. Prairie Ave.) — Mantel in Guest Room A. Sheet #52",drawing 1885–1887; microfilmed March 1952,context/interior,"excluded: interior detail, metadata screened",,https://artic.contentdm.oclc.org/digital/collection/mqc/id/69696,public domain,8197204ec6d49799c5271347455024a6ddbc060c9587b30e4479a67ec3b26bae
72,a18-rba-mf-glessner-f52,"Glessner, John J., Residence (1800 S. Prairie Ave.) — Mantel in Guest Room A. Sheet #113",drawing 1885–1887; microfilmed March 1952,context/interior,"excluded: interior detail, metadata screened",,https://artic.contentdm.oclc.org/digital/collection/mqc/id/69253,public domain,29c49f78683fb3be9d30e12d31ed01d2ed440922229679db7dd2459dc48fe224
73,a18-rba-mf-glessner-f53,"Glessner, John J., Residence (1800 S. Prairie Ave.) — Bedroom Mantel. Sheet #53",drawing 1885–1887; microfilmed March 1952,context/interior,"excluded: interior detail, metadata screened",,https://artic.contentdm.oclc.org/digital/collection/mqc/id/69584,public domain,1c3099e4e112b1076afff3a40c7d7cdceb6643c72cd802a477d4f00be470a75c
74,a18-rba-mf-glessner-f54,"Glessner, John J., Residence (1800 S. Prairie Ave.) — Bedroom Mantel. Sheet #53",drawing 1885–1887; microfilmed March 1952,context/interior,"excluded: interior detail, metadata screened",,https://artic.contentdm.oclc.org/digital/collection/mqc/id/69245,public domain,99b2cdc38823d5ebe8825134e3ec0052c4bc526e902b3723cd5397e77b727b1e
75,a18-rba-mf-glessner-f55,"Glessner, John J., Residence (1800 S. Prairie Ave.) — Mantel in Guest Room B. Sheet #54",drawing 1885–1887; microfilmed March 1952,context/interior,"excluded: interior detail, metadata screened",,https://artic.contentdm.oclc.org/digital/collection/mqc/id/69633,public domain,c2c27790265b0413971ffff57f0f6fdc2b12d2710a7d4d099a223e6cb5be3ebf
76,a18-rba-mf-glessner-f56,"Glessner, John J., Residence (1800 S. Prairie Ave.) — Mantel in Guest Room B. Sheet #54",drawing 1885–1887; microfilmed March 1952,context/interior,"excluded: interior detail, metadata screened",,https://artic.contentdm.oclc.org/digital/collection/mqc/id/69471,public domain,795278d4a55c9e2e06be1d69a847977362b72568b9462e78c9aca909828543c9
77,a18-rba-mf-glessner-f57,"Glessner, John J., Residence (1800 S. Prairie Ave.) — Mantel in Guest Room B. Sheet #54A",drawing 1885–1887; microfilmed March 1952,context/interior,"excluded: interior detail, metadata screened",,https://artic.contentdm.oclc.org/digital/collection/mqc/id/69537,public domain,0e5f388053631d58f9a4824268ee32576fa03f878cc92f8d8bc917334cda7d17
78,a18-rba-mf-glessner-f58-front-hall-plan,"Glessner, John J., Residence (1800 S. Prairie Ave.) — Front Hall, plan. Sheet #61",drawing 1885–1887; microfilmed March 1952,exterior/courtyard,visually inspected,,https://artic.contentdm.oclc.org/digital/collection/mqc/id/69642,public domain,d2cd5be1c3e703f2e09a4cef8ce1f3b370211a90c566c0608ecc8ac44c8df20f
79,a18-rba-mf-glessner-f59,"Glessner, John J., Residence (1800 S. Prairie Ave.) — Front Hall, plan. Sheet #61B",drawing 1885–1887; microfilmed March 1952,exterior/courtyard,visually inspected,,https://artic.contentdm.oclc.org/digital/collection/mqc/id/69315,public domain,edd1c87113adeabb734e4f631157e2d036aa2da735e098e8126fe7ba8c67ece8
80,a18-rba-mf-glessner-f60,"Glessner, John J., Residence (1800 S. Prairie Ave.) — Vestibule, elevation. Sheet #71",drawing 1885–1887; microfilmed March 1952,context/interior,"excluded: interior detail, metadata screened",,https://artic.contentdm.oclc.org/digital/collection/mqc/id/69486,public domain,d43978b0450a3a30ea1295ff33c2d1ae9fadbd7ec2b036c3aeb00a0b4c0a1973
81,a18-rba-mf-glessner-f61,"Glessner, John J., Residence (1800 S. Prairie Ave.) — Vestibule, elevation. Sheet #72",drawing 1885–1887; microfilmed March 1952,context/interior,"excluded: interior detail, metadata screened",,https://artic.contentdm.oclc.org/digital/collection/mqc/id/69660,public domain,b80879f1fc3795ae87ebe5789df026dc4c062770cdbc7624140c2f0ac701dff5
82,a18-rba-mf-glessner-f62,"Glessner, John J., Residence (1800 S. Prairie Ave.) — Mantel in George's Room. Sheet #73",drawing 1885–1887; microfilmed March 1952,context/interior,"excluded: interior detail, metadata screened",,https://artic.contentdm.oclc.org/digital/collection/mqc/id/69529,public domain,5ce030920a05445333147711af803432b7419afcd5f74c799b6b58edd10eb6a5
83,a18-rba-mf-glessner-f63,"Glessner, John J., Residence (1800 S. Prairie Ave.) — Storeroom, plan, elevations and section. Sheet #77A",drawing 1885–1887; microfilmed March 1952,context/interior,"excluded: interior detail, metadata screened",,https://artic.contentdm.oclc.org/digital/collection/mqc/id/69519,public domain,f86e56ee20013991d15c9e71a182748835e5278718eb258ac3b0e1f1aecc7c7e
84,a18-rba-mf-glessner-f64,"Glessner, John J., Residence (1800 S. Prairie Ave.) — Cold Room, plan, elevation and section. Sheet #78",drawing 1885–1887; microfilmed March 1952,context/interior,"excluded: interior detail, metadata screened",,https://artic.contentdm.oclc.org/digital/collection/mqc/id/69394,public domain,2b0271c197a0bd02cc7789b339c801224a6b194978a4e748a3795402b9a8f66b
85,a18-rba-mf-glessner-f65,"Glessner, John J., Residence (1800 S. Prairie Ave.) — Cold Room, plan, elevation and section. Sheet #78A",drawing 1885–1887; microfilmed March 1952,context/interior,"excluded: interior detail, metadata screened",,https://artic.contentdm.oclc.org/digital/collection/mqc/id/69301,public domain,0befdeadb9aaaf02306d8f19540d1bf73b439042d4da997ff6ad1c7083daf8c1
86,a18-rba-mf-glessner-f66,"Glessner, John J., Residence (1800 S. Prairie Ave.) — Dining Room, window and door details. Sheet #82",drawing 1885–1887; microfilmed March 1952,exterior/courtyard,visually inspected,,https://artic.contentdm.oclc.org/digital/collection/mqc/id/69432,public domain,b8be339b1e20b0852c3a509a345eb05a9f543d4390d34cb5610f897ff226ff2f
87,a18-rba-mf-glessner-f67,"Glessner, John J., Residence (1800 S. Prairie Ave.) — Main Entrance Door. Sheet #95",drawing 1885–1887; microfilmed March 1952,exterior/courtyard,visually inspected,,https://artic.contentdm.oclc.org/digital/collection/mqc/id/69254,public domain,5235a25ac152cfb8eb666b3062ef9e343336205d05c3d702eae274a1853a7082
88,a18-rba-mf-glessner-f68-main-entrance-door,"Glessner, John J., Residence (1800 S. Prairie Ave.) — Main Entrance Door. Sheet #95",drawing 1885–1887; microfilmed March 1952,exterior/courtyard,visually inspected,,https://artic.contentdm.oclc.org/digital/collection/mqc/id/69517,public domain,16ee4614432da5eac0b2b80d374f06bb8eb1387a23ea82231ab4971782323197
89,a18-rba-mf-glessner-f69,"Glessner, John J., Residence (1800 S. Prairie Ave.) — Main Entrance Door. Sheet #95A",drawing 1885–1887; microfilmed March 1952,exterior/courtyard,visually inspected,Drawing variant marked Not Correct; do not use its floral grille as built condition.,https://artic.contentdm.oclc.org/digital/collection/mqc/id/69279,public domain,0778294de91fdcedb1216e8fed615166595534466f3bb53bd54d8a15c874fd19
90,a18-rba-mf-glessner-f70,"Glessner, John J., Residence (1800 S. Prairie Ave.) — Main Entrance Door. Sheet #95A",drawing 1885–1887; microfilmed March 1952,exterior/courtyard,visually inspected,,https://artic.contentdm.oclc.org/digital/collection/mqc/id/69194,public domain,03e0133ad7eaf5c6321e8bb64f0fe0718401fe025a9df98dc482617a9e7ea6d7
91,a18-rba-mf-glessner-f71,"Glessner, John J., Residence (1800 S. Prairie Ave.) — Mantel in Miss Fanny's Room. Sheet #114",drawing 1885–1887; microfilmed March 1952,context/interior,"excluded: interior detail, metadata screened",,https://artic.contentdm.oclc.org/digital/collection/mqc/id/69362,public domain,a56a3fbe113598041fdc931cae00d86a64169ea98866325c01830a4210ae6f6c
92,a18-rba-mf-glessner-f72,"Glessner, John J., Residence (1800 S. Prairie Ave.) — Steam Coil Register. Sheet #119",drawing 1885–1887; microfilmed March 1952,context/interior,"excluded: interior detail, metadata screened",,https://artic.contentdm.oclc.org/digital/collection/mqc/id/69550,public domain,3a661f25d60940e2f6ca41e80548e5f065534efa07a00b88ab7b1c57501c9c4d
93,a18-rba-mf-glessner-f73,"Glessner, John J., Residence (1800 S. Prairie Ave.) — Vestibule Gas Brackets. Sheet #121",drawing 1885–1887; microfilmed March 1952,context/interior,"excluded: interior detail, metadata screened",,https://artic.contentdm.oclc.org/digital/collection/mqc/id/69489,public domain,80b8e216ee6a1c6c7fa3cded8d7aec4e4339a118f19ff3a80a813b39615e040e
94,a18-rba-mf-glessner-f74,"Glessner, John J., Residence (1800 S. Prairie Ave.) — Mirror Details. Sheet #122",drawing 1885–1887; microfilmed March 1952,context/interior,"excluded: interior detail, metadata screened",,https://artic.contentdm.oclc.org/digital/collection/mqc/id/69473,public domain,0264fb915a10537cdd7533a2c3957a314324c51666fff4f65e5d15599b994ea5
95,a18-rba-mf-glessner-f75,"Glessner, John J., Residence (1800 S. Prairie Ave.) — Closet Details",drawing 1885–1887; microfilmed March 1952,context/interior,"excluded: interior detail, metadata screened",,https://artic.contentdm.oclc.org/digital/collection/mqc/id/69210,public domain,394d13fbc4573a8728e00e6c39c8c93c616fc3eb6df31fc6024abc76d23be717
96,a18-rba-mf-glessner-f76,"Glessner, John J., Residence (1800 S. Prairie Ave.) — Chill Room, perspective. Sheet #5341",drawing 1885–1887; microfilmed March 1952,context/interior,"excluded: interior detail, metadata screened",,https://artic.contentdm.oclc.org/digital/collection/mqc/id/69569,public domain,d4df66da48136050021ce1bb065eaa428e194844b6e46821694ed5b0bb9e68ce
97,a18-rba-mf-glessner-f77,"Glessner, John J., Residence (1800 S. Prairie Ave.) — Cabinet Details. Sheet #5349",drawing 1885–1887; microfilmed March 1952,context/interior,"excluded: interior detail, metadata screened",,https://artic.contentdm.oclc.org/digital/collection/mqc/id/69578,public domain,cb9689a83fc982ec78ebc8a8e52879d202c0771b51fd85e0d9c3b7f91d7e50ae
98,a18-rba-mf-glessner-f78-floor-level-diagram,"Glessner, John J., Residence (1800 S. Prairie Ave.) — Floor Level Diagram",drawing 1885–1887; microfilmed March 1952,exterior/courtyard,visually inspected,,https://artic.contentdm.oclc.org/digital/collection/mqc/id/69405,public domain,c6d7a0a7c294a0121ebc43fd1d4b365f586d436b8fa38edd1f535a914879e590
99,a18-cornell-adw-glessner,"Glessner House (Andrew Dickson White Architectural Photographs Collection), ca. 1887, albumen print",ca. 1887,exterior/courtyard,unavailable image: catalog only,,https://digital.library.cornell.edu/catalog/ss:3874293,public domain,
100,cgn-1800-robinson-1886,"1800 S. Prairie Ave. — Robinson Fire Insurance Map, 1886 [Chicagology address crop]",1886,exterior/courtyard,visually inspected,,https://chicagology.com/chicagostreets/prairieavenue/1800prairie/,public domain,bde1464130a1bf18b4c73db0bbfb9d1e1e643c4b6bdb10f4ef40c6c150d52cb9
101,a18-cgy-1800-glessner-2135,"""2135 H. H. Richardson, Glessner Res., Chicago"" — photograph of the house nearing completion",1887 (chicagology labels it 1886),exterior/courtyard,visually inspected,Republished Taylor 2135 exposure; date label is not independent evidence.,https://chicagology.com/chicagostreets/prairieavenue/1800prairie/,unknown — link only,6858336dca30e53866fae76046453a3ce495b1cb061ef43537d759e5f20ad0db
102,a18-gh-chicago-herald-1887-illustration,"""A Queer House Out on the Avenue"" — Chicago Herald illustration, late 1887",late 1887,exterior/courtyard,visually inspected,,https://glessnerhouse.blogspot.com/2022/12/the-original-odd-quaint-queer-dutch.html,public domain,f9109f149fc55db5c49fdbda92ecd982747a7017452cf4e30f7f7140a594928e
103,a18-gh-cornell-glessner-front-c1887,"Glessner House from the north-east, c. 1887 (albumen print, Cornell A. D. White collection; as reproduced by the museum)",c. 1887,exterior/courtyard,visually inspected,,https://glessnerhouse.blogspot.com/2022/12/the-original-odd-quaint-queer-dutch.html,unknown — link only,580da653f07893334adee7281690db5383a47eebbf9d6fefa139f95944cb28c7
104,a18-gh-cornell-glessner-rear-c1887,"Glessner House stable/coach-house end on 18th Street, c. 1887 (Cornell A. D. White collection; as reproduced by the museum)",c. 1887,exterior/courtyard,visually inspected,,https://glessnerhouse.blogspot.com/2022/12/the-original-odd-quaint-queer-dutch.html,unknown — link only,383cda50d3cdd71f6d393d64aec438e5369259020fb1d2f42fc1d58703ce20ea
105,a18-gh-glessner-exterior-historic,Glessner House from the north-east (historic photograph),undated (late 1880s–1890s),exterior/courtyard,visually inspected,,https://glessnerhouse.blogspot.com/2022/12/the-original-odd-quaint-queer-dutch.html,unknown — link only,a64cba79569811769ebc0563dc53a1c1d548d9f3bbcedf2ca1b9d6c928d08eda
106,a18-gh-glessner-female-servants-entrance,Female servants' entrance at Glessner House (photograph by George Glessner),c. 1888–1890s,exterior/courtyard,visually inspected,,https://glessnerhouse.blogspot.com/2015/01/george-glessner-photographer.html,pending — permission requested,37837f85d41c72651002cf4c08d94d2d225b3fbfdf5aa296e84a796912e7a85c
107,a18-gho-porte-cochere-doors-c1888,"Porte cochere doors (photograph by George Glessner, about 1888)",about 1888,exterior/courtyard,visually inspected,,https://www.glessnerhouse.org/porte-cochere-doors,pending — permission requested,98691f114dfdbf05e7135bc8327b68c4c35c8623ec2376085b577f84d406cceb
108,a18-rba-ia-1888-glessner,"Glessner, John J., Residence (1800 S. Prairie Ave.) — Inland Architect vol. 11, no. 1 (1888)",1888,exterior/courtyard,visually inspected,,https://artic.contentdm.oclc.org/digital/collection/mqc/id/7140,public domain,d623fb9195896408d6024eb62ad69c23815df120fc8c639deb9c00c675161a1a
109,a18-rba-taylor-2135-glessner-ne-print2,"Glessner, John J., Residence — view from NE (second Taylor print)",c. 1889,exterior/courtyard,visually inspected,,https://artic.contentdm.oclc.org/digital/collection/mqc/id/28862,public domain,90947c7129522e15b0ef32247349da9f43fc750340424d991823fc26daab5716
110,cgn-1800-glessner-1887-construction-copy,"John J. Glessner, 1800 S. Prairie, 1886 and 1887 [second image: house under construction]",1887,exterior/courtyard,visually inspected,,https://chicagology.com/chicagostreets/prairieavenue/1800prairie/,unknown — link only,dd7a0b14ed170201b3913f32e14bd869a977a5ccd445090e0ae2a7c376203575
111,a18-gh-glessner-main-hall-1888,"Earliest known image of the main hall, 1888 (Photo by George Glessner)",1888,context/interior,visually inspected,,https://glessnerhouse.blogspot.com/2020/05/preservation-month-part-ii-main-hall.html,pending — permission requested,d8046c4bd7a12e39349e1a53b831e0c57986ada658caa895f924533a95033558
112,a18-rba-lowe-glessner-stable-18th-c1900,"Glessner, John J., Residence — 18th Street, c. 1900 (D. G. Lowe collection)",c. 1900,exterior/courtyard,visually inspected,"Disputed attribution: image shows two brick-gabled coach houses, inconsistent with independently documented Glessner granite stable. Catalog also assigns Glessner; quarantine pending reconciliation, do not assert another identity.",https://artic.contentdm.oclc.org/digital/collection/mqc/id/75902,public domain,d3443ad7c2ce39e74e010cca5683ce8606d49d2e0592b0e5b9bb859bbf78479b
113,a18-rba-glessner-library,"Glessner, John J., Residence — Library","undated (probably c. 1923, Story of a House series)",context/interior,visually inspected,,https://artic.contentdm.oclc.org/digital/collection/mqc/id/38056,unknown — link only,a5000b5682557c97b5dfe7d2c9fbe8cddce61c5b9d4806b8019e8620328cc24a
114,a18-rba-glessner-main-hall,"Glessner, John J., Residence — Main reception hall",undated (probably c. 1923),context/interior,visually inspected,,https://artic.contentdm.oclc.org/digital/collection/mqc/id/38063,unknown — link only,dc977ed41e1b4fa90ed01f18f2966bf4a4937f9066ab3ed215a7d1aea5b9d79f
115,a18-glessner-habs-photo-02,Front elevation,c. 1923 (copied for HABS),exterior/courtyard,visually inspected,,https://hdl.loc.gov/loc.pnp/hhh.il0118/photos.060904p,unknown — link only,7347cc0b9957f1e1e6195cdee16366b965120c44d9d61ca69920aa63746f264c
116,a18-glessner-habs-photo-03,18th Street arch,c. 1923 (copied for HABS),exterior/courtyard,visually inspected,,https://hdl.loc.gov/loc.pnp/hhh.il0118/photos.060905p,unknown — link only,c840d5946425ad75ab1b1e74b1f20982aff82f3d508abf7c84137f57520b557c
117,a18-glessner-habs-photo-04,Detail: gable and chimney 18th Street side,c. 1923 (copied for HABS),exterior/courtyard,visually inspected,,https://hdl.loc.gov/loc.pnp/hhh.il0118/photos.060906p,unknown — link only,b3aec2b71972c6e892667060446090235dca71e28afa06092a3ca4e492c2d054
118,a18-glessner-habs-photo-05,Interior court,c. 1923 (copied for HABS),exterior/courtyard,visually inspected,,https://hdl.loc.gov/loc.pnp/hhh.il0118/photos.060907p,unknown — link only,fd76fb904f489c597042a9347c9dc8bb71505ab77a54e08486fb51b6bf7639a7
119,a18-glessner-habs-photo-06,First floor staircase: main hall north end,c. 1923 (copied for HABS),context/interior,visually inspected,,https://hdl.loc.gov/loc.pnp/hhh.il0118/photos.060908p,unknown — link only,aae848135956c31755d02255f3d1490f15eb029a1d84316d2ab39fdc47d4ad1e
120,a18-glessner-habs-photo-07,First floor stairhall: south,c. 1923 (copied for HABS),context/interior,visually inspected,,https://hdl.loc.gov/loc.pnp/hhh.il0118/photos.060909p,unknown — link only,7529b4605137b8cb31af427c7142d5c7112cb4d577202c6a6efba70772e84cd2
121,a18-glessner-habs-photo-08,Library: west and north sides,c. 1923 (copied for HABS),context/interior,visually inspected,,https://hdl.loc.gov/loc.pnp/hhh.il0118/photos.060910p,unknown — link only,6c47084c6d78854ef513d046e1abc636cb192715deb9cd80b237b74908a4f145
122,a18-glessner-habs-photo-09,School room,c. 1923 (copied for HABS),context/interior,visually inspected,,https://hdl.loc.gov/loc.pnp/hhh.il0118/photos.060911p,unknown — link only,0bb2faba87b5bd7455f3add7e025044faf982e8ab6c18b9bf692591e6f09f72a
123,a18-glessner-habs-photo-10,Dining room: west and north sides,c. 1923 (copied for HABS),context/interior,visually inspected,,https://hdl.loc.gov/loc.pnp/hhh.il0118/photos.060912p,unknown — link only,d21e114df3e3b34cbc77c21452f2015ca395c51aa42444f50a386c2e7c60ce18
124,a18-glessner-habs-photo-11,Upper hall — north and west sides,c. 1923 (copied for HABS),context/interior,visually inspected,,https://hdl.loc.gov/loc.pnp/hhh.il0118/photos.060913p,unknown — link only,83716458cf50d8787c39b845a74b4d704ccb7361917d88b00dcad09d00f99162
125,a18-rba-casc-glessner-1920s,"""J. J. Glessner Residence"" (Chicago Architectural Sketch Club publication, 1920s)",1920s,exterior/courtyard,visually inspected,,https://artic.contentdm.oclc.org/digital/collection/mqc/id/46983,public domain,3400e62a72b93259a1e5b94f1083102fbf03c5e252b519fe9cf9c7176ecd0275
126,a18-gh-glessner-wpa-model-east,"Glessner house plaster model (WPA Museum Extension Project), east side",late 1930s (WPA),exterior/courtyard,visually inspected,"WPA model photograph; secondary reconstruction, not house photograph.",https://glessnerhouse.blogspot.com/2015/03/glessner-model-house.html,copyright — link only,3304319a18089fed6a6e61be55378545d58b07f8b621c9b823d750aa123fd339
127,a18-gh-glessner-wpa-model-north,"Glessner model, north elevation",late 1930s (WPA),exterior/courtyard,visually inspected,"WPA model photograph; secondary reconstruction, not house photograph.",https://glessnerhouse.blogspot.com/2015/03/glessner-model-house.html,copyright — link only,f9271e63b4b61efc10dc5b53d78b4bf6abd68afe2b2f2ae3acee37ea90ff093e
128,a18-rba-barford-glessner-courtyard,"Glessner, John J., Residence — courtyard (George Barford)",after 1945,exterior/courtyard,unavailable image: catalog only,,https://artic.contentdm.oclc.org/digital/collection/mqc/id/36957,copyright — link only,
129,a18-rba-barford-glessner-exterior,"Glessner, John J., Residence — exterior (George Barford)",after 1945,exterior/courtyard,unavailable image: catalog only,,https://artic.contentdm.oclc.org/digital/collection/mqc/id/36641,copyright — link only,
130,a18-rba-barford-glessner-side-door,"Glessner, John J., Residence — side door (George Barford)",after 1945,exterior/courtyard,unavailable image: catalog only,,https://artic.contentdm.oclc.org/digital/collection/mqc/id/37021,copyright — link only,
131,a18-rba-barford-glessner-window-detail,"Glessner, John J., Residence — window detail (George Barford)",after 1945,exterior/courtyard,unavailable image: catalog only,,https://artic.contentdm.oclc.org/digital/collection/mqc/id/37298,copyright — link only,
132,a18-rba-florian-1948-glessner-interior,"Glessner, John J., Residence — interior through sliding doors to stair (Florian, July 1948)",07/1948,exterior/courtyard,visually inspected,,https://artic.contentdm.oclc.org/digital/collection/mqc/id/36572,copyright — link only,7e4f6a3d55d97fbc5a6e8c146bee881170db745a2930bf905acba6a2f62f37d8
133,a18-rba-nickel-glessner-ne-1,"Glessner, John J., Residence — exterior from the NE (Richard Nickel)",1950s–1960s,exterior/courtyard,visually inspected,,https://artic.contentdm.oclc.org/digital/collection/mqc/id/71756,copyright — link only,0da9e21218d5e540b1a833abca37b506d0db6e2d5838be57f9561b37e5c5c10d
134,a18-rba-nickel-glessner-ne-2,"Glessner, John J., Residence — exterior from the NE (Richard Nickel, second view)",1950s–1960s,exterior/courtyard,visually inspected,,https://artic.contentdm.oclc.org/digital/collection/mqc/id/71795,copyright — link only,cbab1bc2d1dc15a8054cb36ffb8a39e9d1e949ba78632345c5166166150cec2a
135,a18-rba-nickel-glessner-sign-removal,"Glessner, John J., Residence — removal of the Graphic Arts Technical Foundation sign (Richard Nickel)",1950s–1960s,exterior/courtyard,visually inspected,,https://artic.contentdm.oclc.org/digital/collection/mqc/id/71832,copyright — link only,185d17d5cf45f46e533cf58d2444e70bd779daa8a0f84fc84cf412c3bad11797
136,a18-gh-florian-1948-court-to-stable,"Glessner House courtyard looking west toward the stable wing, July 1948 (Robert C. Florian)",July 1948,exterior/courtyard,visually inspected,"Image is roof/dormers/stair turret (GX112.24), not courtyard toward stable.",https://glessnerhouse.blogspot.com/2023/07/glessner-house-july-1948.html,copyright — link only,c88d5052d2c8035af4ac216a2b4790efdbc520fba5146ee9a67f41ba616fe9ca
137,a18-gh-florian-1948-porte-cochere-doors,"Glessner House porte-cochère doors, July 1948 (Robert C. Florian)",July 1948,exterior/courtyard,visually inspected,"Image is elevated courtyard toward stable (GX112.21), not porte-cochere doors.",https://glessnerhouse.blogspot.com/2023/07/glessner-house-july-1948.html,copyright — link only,d64bbb19ac7ad120e9d4158924c844366084c3ed0fb182b43121706273febad5
138,a18-gh-florian-1948-roof-turret,"Glessner House roofs and stair turret from the courtyard side, July 1948 (Robert C. Florian)",July 1948,exterior/courtyard,visually inspected,"Image is an industrial interior (GX112.28-29), not roof/turret; exclude from exterior geometry.",https://glessnerhouse.blogspot.com/2023/07/glessner-house-july-1948.html,copyright — link only,cc267629d498018fa26de7dcf083fd21ab3cf98b14725238cf4e2aa936c22bd8
139,a18-rba-florian-1948-glessner-court,"Glessner, John J., Residence — exterior (Florian, July 1948)",July 1948,exterior/courtyard,visually inspected,,https://artic.contentdm.oclc.org/digital/collection/mqc/id/36628,copyright — link only,faa19eee2df08064872a221938f8509b9f847a3191ec835e9e9825b1e3822c2b
140,a18-aic-nickel-glessner-print,Untitled (J.J. Glessner House),"c. 1950/72, printed 1973",exterior/courtyard,unavailable image: catalog only,,https://www.artic.edu/artworks/141989,copyright — link only,
141,a18-rba-replinger-1951-glessner-service-entrance,"Glessner, John J., Residence — service entrance on 18th St. (J. G. Replinger, July 1951)",July 1951,exterior/courtyard,visually inspected,,https://artic.contentdm.oclc.org/digital/collection/mqc/id/28947,copyright — link only,7b9d14f1dae5186cf03a8bf135ad1cc849e899743bf49f90b0835d44feb8c7c8
142,a18-glessner-habs-data,"John J. Glessner House, HABS IL-1015, written historical and descriptive data (27 pp.)",after 1963,context/interior,written document reviewed,"Written history reviewed: PDF pp.3,10,14,22 are especially relevant to alterations, vines, original materials and exterior construction.",https://www.loc.gov/item/il0118/,no known restrictions,396aa92eda99b41b6a0c6bee2515c4a9a5509f8e8dc42fb9694ecec407e9d407
143,a18-glessner-habs-photo-01,Exterior from northwest,1963-07-23,exterior/courtyard,visually inspected,,https://hdl.loc.gov/loc.pnp/hhh.il0118/photos.060903p,no known restrictions,0db20640a9cd929e2df2db9895b6b824f7b59a58ca4fe99a51517ba3c3d9ffdc
144,a18-glessner-habs-sheet-2,"2. First floor plan - John J. Glessner House, 1800 South Prairie Avenue, Chicago, Cook County, IL",1963,exterior/courtyard,visually inspected,,https://www.loc.gov/resource/hhh.il0118.sheet/?sp=2,no known restrictions,23593d8eb6ce3c7ddc35221f0eab62371b76fe821d43dfd9e503060930ddb660
145,a18-glessner-habs-sheet-3,"3. Second floor plan - John J. Glessner House, 1800 South Prairie Avenue, Chicago, Cook County, IL",1963,exterior/courtyard,visually inspected,,https://www.loc.gov/resource/hhh.il0118.sheet/?sp=3,no known restrictions,5d52e28b6e1363da8afe7574035383c9f429bb2943682a3d2551a181dd8e972b
146,a18-glessner-habs-sheet-4,"4. Section A-A - John J. Glessner House, 1800 South Prairie Avenue, Chicago, Cook County, IL",1963,exterior/courtyard,visually inspected,,https://www.loc.gov/resource/hhh.il0118.sheet/?sp=4,no known restrictions,3ea0e58b5dff642041b94de27b2fd786cd7e50d566a7cf680620e20f728d15b2
147,a18-glessner-habs-sheet-5,"5. Masonry details - John J. Glessner House, 1800 South Prairie Avenue, Chicago, Cook County, IL",1963,exterior/courtyard,visually inspected,,https://www.loc.gov/resource/hhh.il0118.sheet/?sp=5,no known restrictions,cc9daa9ca663542f95ef82511ad755b1ce3b77621bf7f1846ee2bfe1ba18713e
148,a18-cgy-1800-glessner-tribune-1965,"""Granite block old home of late J. J. Glessner at 1800 Prairie av."" (Chicago Tribune, January 31, 1965)","January 31, 1965",exterior/courtyard,visually inspected,,https://chicagology.com/chicagostreets/prairieavenue/1800prairie/,copyright — link only,0f840fd8430070dea3270fb257788afb3717368e43016038df357346278c3582
149,a18-glessner-habs-captions,John J. Glessner House: HABS index to photographs (addendum),after 1965,context/interior,written document reviewed,Caption document reviewed; identifies Borchers 1965 stereopairs.,https://tile.loc.gov/storage-services/master/pnp/habshaer/il/il0100/il0118/data/il0118cap.pdf,no known restrictions,8392251649188544fc1f43cf55fed7e5712756cdbb222f0140b4d4fb8f75f86a
150,a18-glessner-habs-photo-13,North elevation — level: left stereopair,1965,exterior/courtyard,visually inspected,,https://hdl.loc.gov/loc.pnp/hhh.il0118/photos.060915p,no known restrictions,b5de6769dbaab6ea0991a9351b10c47344e61b7480b0f53a6e5d104ecb48e176
151,a18-glessner-habs-photo-14,North elevation — inclined: left stereopair,1965,exterior/courtyard,visually inspected,,https://hdl.loc.gov/loc.pnp/hhh.il0118/photos.060916p,no known restrictions,03e9b881e2032acd85c4c23f534ac235747ae6f17f373943b31308c13b0d8400
152,a18-glessner-habs-photo-15,North elevation: right stereopair,1965,exterior/courtyard,visually inspected,,https://hdl.loc.gov/loc.pnp/hhh.il0118/photos.060917p,no known restrictions,b2606ba44eb608ed801cd9e2ead0d58a0d24a99b9a443fdac8c8023bf0636cbc
153,a18-glessner-habs-photo-16,East elevation — level,1965,exterior/courtyard,visually inspected,,https://hdl.loc.gov/loc.pnp/hhh.il0118/photos.060918p,no known restrictions,c48a056ae87e4e31d21aa95956cf7c1b57b00df4ded49323f5daca424107f8d8
154,a18-glessner-habs-photo-17,Northeast — angled view,1965,exterior/courtyard,visually inspected,,https://hdl.loc.gov/loc.pnp/hhh.il0118/photos.060919p,no known restrictions,74274df9fcebd442d645f42c6c629ea891f44e33a5fc98e14dea66bb390dcf5f
155,a18-glessner-habs-sheet-1,"1. Title sheet with neighborhood plan - John J. Glessner House, 1800 South Prairie Avenue, Chicago, Cook County, IL",1965,exterior/courtyard,visually inspected,,https://www.loc.gov/resource/hhh.il0118.sheet/?sp=1,no known restrictions,b5cb45f2ecad879959dbf62e60431984b60ae088a0883f3201b5505539427623
156,a18-glessner-habs-sheet-6,"6. Front (east) elevation - John J. Glessner House, 1800 South Prairie Avenue, Chicago, Cook County, IL",1965,exterior/courtyard,visually inspected,,https://www.loc.gov/resource/hhh.il0118.sheet/?sp=6,no known restrictions,9cbb7dc9e704a8864310211dfe083972732c784e8cb501f24931a67af2a66025
157,a18-kimball-habs-photo-03,"3. Historic American Buildings Survey Harold Allen, Photographer , June 1965 VIEW: FRONT PORCH AND IRON FENCE- FROM NE- NORTH ELEVATION (18th ST.) GLESSNER HOUSE IN BACKGROUND ACROSS PRAIRIE AVENUE - W. W. Kimball House, 1801 South Prairie Avenue, Chicago, Cook County, IL",June 1965,exterior/courtyard,visually inspected,,https://www.loc.gov/pictures/item/il0136.photos.580874p/,no known restrictions,874e3a0075a7270ee86754244db18c078ccb75bb50fddc809c864b43d69fee0c
158,cgn-1800-tribune-1965-glessner-headline,"""Old Show Place on Prairie Avenue Haunted by Shaky Future; Now for Sale"" — headline","January 31, 1965",context/interior,text metadata inventoried,,https://chicagology.com/chicagostreets/prairieavenue/1800prairie/,unknown — link only,
159,cgn-1800-tribune-1965-glessner-subheadline,"""Architects Hope to Make It a Museum"" (by Sylvia Shepherd) — subheadline","January 31, 1965",context/interior,text metadata inventoried,,https://chicagology.com/chicagostreets/prairieavenue/1800prairie/,unknown — link only,
160,a18-gh-nickel-coach-house-interior,"Glessner House: coach house interior (Richard Nickel, 1966–67)",1966–1967,exterior/courtyard,visually inspected,,https://glessnerhouse.blogspot.com/2022/04/richard-nickel-and-glessner-house.html,copyright — link only,e69c0e521b89c4d43fc1dea0a440235ac6ca94c9deb28f689d0d8af88ed61a8a
161,a18-gh-nickel-west-roof-dormer,"Glessner House: west roof and hayloft dormer (Richard Nickel, 1966–67)",1966–1967,exterior/courtyard,visually inspected,,https://glessnerhouse.blogspot.com/2022/04/richard-nickel-and-glessner-house.html,copyright — link only,088b9e91f3fce2e946c45aa95421caf80f964827bdcb65c5c865122cc540f052
162,a18-gh-nickel-aerial-ne-after-1968,"Aerial view looking northeast, Glessner House at upper center (after 1968)",after 1968,exterior/courtyard,visually inspected,,https://glessnerhouse.blogspot.com/2021/03/the-chicago-womens-park-and-gardens.html,copyright — link only,c1f46e552e469c5f06e8eb4ed04a8b5bec1a8803b7e5a5f65a9402f1340c1e44
163,a18-gh-nickel-prairie-nw-after-1968,"Looking northwest on Prairie Avenue, Glessner House at right (Richard Nickel, after 1968)",late 1960s (after 1968),exterior/courtyard,visually inspected,,https://glessnerhouse.blogspot.com/2021/03/the-chicago-womens-park-and-gardens.html,copyright — link only,23a3ce092ccc375caea7dc62db8c189014b4dd9c74b6751be21ecdcbe51cb9aa
164,dw-nrhp-1972-district-p24-ownership-lot-map,"National Register nomination, Prairie Avenue District (1972), item 4 continuation: owner-of-property lot map, 1800 block of Prairie Avenue and 18th Street","received April 18, 1972",exterior/courtyard,unavailable image: catalog only,,https://nara-media.s3.amazonaws.com/electronic-records/rg-079/NPS_IL/72000452.pdf#page=24,unknown — link only,
165,st-nrhp-1972-p40-18th-street-arterial-sketch,Map citing Prairie Ave National Historic District and the proposed 18th St. arterial (road) connecting the Dan Ryan Expressway … [hand sketch in nomination file],c. 1970s (correspondence section of file; undated sketch),exterior/courtyard,unavailable image: catalog only,,https://nara-media.s3.amazonaws.com/electronic-records/rg-079/NPS_IL/72000452.pdf,public domain,
166,st-nrhp-1972-photo3-aerial-ne-from-20th-indiana,Aerial view looking northeast from 20th Stree[t] and Indiana Avenue (NRHP nomination photo no. 3),1972,exterior/courtyard,unavailable image: catalog only,,https://nara-media.s3.amazonaws.com/electronic-records/rg-079/NPS_IL/72000452.pdf,unknown — link only,
167,st-nrhp-1972-photo4-prairie-south-from-18th,"View of Prairie Avenue, from 18th Street, toward South (NRHP nomination photo no. 4)",1972,exterior/courtyard,unavailable image: catalog only,,https://nara-media.s3.amazonaws.com/electronic-records/rg-079/NPS_IL/72000452.pdf,unknown — link only,
168,st-ghm-1800-block-restored-streetscape-1981,"The streetscape on the 1800 block of Prairie Avenue (restored 1978), June 7, 1981","June 7, 1981",exterior/courtyard,visually inspected,,http://glessnerhouse.blogspot.com/2016/06/flashback-1981-glessner-house-and.html,copyright — link only,b5463227b597125d81656c730aff4e9a11ed44e4e6ce00034f874ee89ad915f0
