id,title,priority,classification,effort,status,model_views,sources,finding,proposed_work,acceptance,dependencies,existing_ticket_relation
GA-01,"Repair source identity, captions and evidence families",P0,Evidence correction,M,DRAFT — NOT QUEUED,,24 | 136 | 137 | 138 | 112 | 89 | 35 | 37 | 47 | 126 | 127,Four Florian records point at the wrong subjects. The Lowe stable attribution is disputed; preliminary designs and model photographs can be mistaken for as-built evidence.,"Correct the four view captions/asset associations; retain original catalog metadata and an audit trail. Quarantine #112 for geometry pending reconciliation. Flag rejected/design-only sheets, date ranges and duplicate exposures; retain rights restrictions. Ingest the three additional Florian views only after provenance/rights review.","Each of the 168 records has an explicit review state, date/phase and evidence role. | Correct #024→doors, #136→roof, #137→court-west, #138→industrial interior; recheck against original gallery. | No affected geometry uses disputed #112 or the Not Correct door design; duplicate prints do not count as independent corroboration.",,New proposal
GA-02,"Establish a dated, camera-matched exterior acceptance baseline",P0,Verification prerequisite,M,DRAFT — NOT QUEUED,prairie | north | west | courtyard | roof,8 | 104 | 106 | 107 | 114 | 118 | 144 | 146 | 156 | 142,The audit captures expose visual gaps but are not photogrammetrically matched; absolute dimensional errors have not been measured.,"Create calibrated front, northeast, north, northwest stable, west, courtyard east/west and detail cameras. Register HABS dimensions and photograph control points. Assign attested/inferred/reconstructed status per feature for 1904-07-01.","Use at least 8 matched views and 8 well-distributed landmarks per suitable view; record lens/crop uncertainty and residuals. | Proposed target: reliable silhouette/opening landmarks within 1% of projected building width; any exception documented, not hidden by camera fitting. | Separate design, 1887–1904 fabric, later alteration and restoration; a later photo alone does not prove a 1904 addition.",GA-01,Extend/reuse T-1843 acceptance infrastructure; do not duplicate its metric contract
GA-03,Close the south courtyard boundary and resolve its junctions,P1,Confirmed visible gap,M,DRAFT — NOT QUEUED,southwest | court-east | court-west | roof,118 | 137 | 144 | 142,The audited scene opens the courtyard to surrounding grass; the continuous south enclosure is absent. Museum documentation attests a common-brick wall with vines since 1887.,"Build the documented enclosure, coping and returns; reconcile its height and shared relationship with 1808 from plans/sections. Join the west gate, stable and house without duplicate faces or gaps. Exact hidden construction remains inferred.","Continuous historically supported enclosure in courtyard, overhead and street-through-porte views. | Measured plan alignment and declared height basis; no floating gate piers, overlaps or missing backs. | House boundary ownership agreed with the existing district package.",GA-02,"Coordinate with T-1935 and T-1882/T-1883; house enclosure is a specific subtask, not a second stable or neighbor build"
GA-04,"Restore Prairie frontage curbs, thresholds and ground contact",P1,Confirmed visible gap,M,DRAFT — NOT QUEUED,entry | porte | prairie,8 | 13 | 107 | 115 | 144,Grass runs directly to the main door and through the porte-cochere in the current captures. The characteristic rounded stone edge/access gaps are absent.,"Model the house-side grass-strip curb, entry approach, stone thresholds and carriage passage surface. Tie grades to surveyed/HABS datums and period photos; coordinate public sidewalk ownership.","Main door and porte access have continuous credible surfaces, no grass through the passage. | Curved curb sections and access gaps agree with period views, with joints and end returns. | No floating, buried or z-fighting thresholds at street-eye level.",GA-02,Coordinate T-1728 street/sidewalk scope and T-1745 legal-lot datums
GA-05,"Correct roof tile scale, continuity and distance rendering",P1,Confirmed visible gap,L,DRAFT — NOT QUEUED,prairie | northeast | roof | west,8 | 104 | 136 | 161 | 142,Broad banding dominates the street roof; overhead views show large smooth roof planes beside dense tile patterns. The material does not read consistently as fine overlapping clay tiles.,"Use the HABS 6-inch width/5-inch exposure as a measured lead, checked against early photos; separate later tar treatment from the original unglazed red clay. Correct UV scale, overlap, roughness, mip filtering and full/light transitions on every roof plane.","Tile courses remain coherent across hips, turret cones and dormers, with no abrupt smooth-to-tiled patches. | No distracting moire or broad striping during camera movement at street, courtyard and overhead distances. | Source-backed scale and original-material interpretation recorded; no assumption that 1960s tar coating existed in 1904.",GA-02,New proposal
GA-06,"Refine ridge caps, cresting, finials, eaves and flashing",P1,Confirmed detail simplification,M,DRAFT — NOT QUEUED,roof | west | courtyard,8 | 104 | 118 | 136 | 161,"Ridge cresting exists, but its repeated small forms and thin roof edges understate the photographed caps, terminals and layered eaves.","Refine existing profiles and spacing; add credible edge thickness, valley/abutment flashing and hip/ridge terminations. Preserve repaired roof connectivity.","Count/profile/spacing checked against two usable views wherever available. | No razor-thin exposed edges, open valleys or intersecting cap chains at close range. | Front and courtyard silhouettes preserve T-2016/T-2157/T-2183 fixes.","GA-02, GA-05","Refinement of completed roof work, not reopening its solved intersections"
GA-07,"Validate roof, dormer and courtyard-bay proportions before further reshaping",P1,Verify first — no established dimensional defect,M,DRAFT — NOT QUEUED,west | courtyard | roof,104 | 118 | 136 | 144 | 145 | 146 | 161,"Complex dormer flares, bay roof shoulders and service-roof intersections need camera-matched checks. Recent roof corrections already shipped.","Measure roof pitches, dormer positions, hood flares, turret/bay height and copper shoulder profiles against as-built records. Change geometry only for documented residual errors.","Produce dimension/control-point table and matched comparisons. | Retain correct work; list any necessary corrections individually with source confidence. | Do not import the preliminary central gable, watercolor conservatory or fountain.","GA-01, GA-02",Protect T-1805/T-1830/T-1833/T-1999/T-2016/T-2157/T-2172/T-2183
GA-08,Finish stable cupola and north loft fittings,P1,Visible simplification; detail verification required,M,DRAFT — NOT QUEUED,northwest | north | detail:stable-gable | detail:west-roof,104 | 161 | 142,The cupola reads as a simple brown louver box; the early stable photo shows a more articulated vented structure. A final close-up confirms the 1/3/5 pigeon-opening array already exists; the projecting loft hoist/perching fittings need refinement or completion.,"Reconstruct cupola silhouette, roof and vent/openwork profile from early stable and later detail photos; inventory and finish loft opening, hoist beam, pigeon openings/perch and stable-door joinery. Date later closed-up loft changes.",Matched stable views agree on cupola tier proportions and vent pattern. | Every visible loft fitting is represented or explicitly ruled out with evidence; do not infer from disputed #112. | No 20th-century blocked loft or replaced stable door silently backdated to 1904.,"GA-01, GA-02",New proposal
GA-09,Make street granite read as coherent rock-faced masonry,P1,Confirmed visible gap,L,DRAFT — NOT QUEUED,prairie | entry | north | west,8 | 106 | 114 | 115 | 116 | 117 | 142,Close-ups show noisy faceted stone and highly uniform joint treatment; at street distance the texture overwhelms coherent masonry. Shaded walls lose the intended rock-face relief.,"Refine block coursing, face projection, dressed margins, joints and corner/opening returns using Wellesley-granite evidence. Keep texture scale physical and separate stone variation from lighting.","Long/short block distribution, course heights and opening returns align with reference zones. | Rock-face silhouettes and joints remain legible at street distance without random triangulated sparkle. | Review front and shaded north/west under both neutral diagnostic and actual scene lighting.",GA-02,New proposal
GA-10,Calibrate courtyard brick and limestone as distinct materials,P1,Material verification and refinement,M,DRAFT — NOT QUEUED,courtyard | court-east | court-west,118 | 139 | 142 | 151,"The current courtyard reads dark brown with bright uniform trim. HABS identifies light pink common brick and Joliet limestone, distinct from street granite.","Calibrate brick dimensions, bond, mortar, roughness and pinkish color range using written evidence and documented surviving fabric. Give limestone lintels/sills their own finish; do not extract color from black-and-white photos.",Material identity and scale are recorded per surface. | Brick bond wraps corners and openings coherently; trim does not resemble smooth white plastic. | Compare neutral-light and actual-scene renders; color uncertainty remains explicit.,GA-02,New proposal
GA-11,"Refine exterior window frames, reveals, sash and stone supports",P1,Confirmed repetition; dimensions to verify,L,DRAFT — NOT QUEUED,prairie | entry | north | courtyard,8 | 115 | 118 | 146 | 151 | 156,Window panes use repetitive dark fields and simplified frame profiles. The front grouping is already present; this audit does not establish a wrong opening count.,"Inventory every exterior opening by elevation; refine sash sections, meeting rails, recess depths, mullions, sills, drip edges and varied stone columns/capitals. Verify central upper front four-light group against HABS rather than guessing five.","Opening schedule covers front, north, stable, west, bay, turret, dormers and basement. | No duplicated sash configuration where source photographs show a different type. | Matched shadows and profiles read correctly at street and detail distances.",GA-02,Preserve completed T-2172/T-2183 window/eave relationships
GA-12,Give dark glazing believable exterior-visible depth and variation,P1,Confirmed visible gap,M,DRAFT — NOT QUEUED,prairie | entry | courtyard,8 | 13 | 115 | 118 | 151,Windows appear as nearly identical dark blue-gray panels with repeating diagonal shading; historical images show varied shades and surface response.,"Keep the owner-selected dark default. Add restrained reflection/roughness variation, appropriate shade positions and shallow backing visible from outside. Match documented special hall glass where supported; no furnished interiors.","Avoid identical repeated shade/reflection patterns across the facade. | Default remains dark and performs within agreed budget; no reinstatement of the costly glass mode by default. | No empty bright boxes, opaque painted-on highlights or visible sky leaking through rooms.",GA-11,Respect T-2109 and T-2183 dark-glass decision
GA-13,Correct mirrored north inscription and finish carved stone/capitals,P1,Confirmed visible defects,L,DRAFT — NOT QUEUED,entry | prairie | north | detail:north-gable,8 | 115 | 117 | 135 | 156,"The close north-gable view confirms the 1886 inscription is mirrored from outside. The front tympanum and ornamental band exist, but relief, edge wear and varied capitals need close-range fidelity.",Refine existing ornament against actual photographs; use relief at appropriate distances. Correct the mirrored 1886 inscription and check the monogram handedness from the exterior.,"Ornament remains recognizable in matched close-ups, with correct silhouette and varied capital patterns. | Inscription reads correctly from outside; record the check. | No added ornament based solely on rejected/preliminary drawings.","GA-01, GA-02, GA-09",New proposal
GA-14,Complete the main entry oak door and iron grille,P1,Confirmed visible gap,M,DRAFT — NOT QUEUED,entry,88 | 89 | 90 | 135 | 142,The current main door has a plain square grid and simplified lower field. Photographs and HABS describe heavily paneled oak with iron straps and a distinctive grille.,"Build the as-built grille/central scroll, hardware and raised-panel profiles; refine frame, threshold and oak grain. Resolve drawing variants against the built-door photograph.","Door panel proportions, grille and hardware match the built reference, not sheet #95A marked Not Correct. | Grain follows separate members and panel directions; iron has thickness and attachments. | Threshold/door recess joins the frontage correctly.","GA-01, GA-04, GA-02",New proposal
GA-15,"Finish both porte-cochere leaves, hardware and passage",P2,Existing doors; detail verification and refinement,M,DRAFT — NOT QUEUED,porte | court-east,24 | 107 | 142,Both open leaves are present. Their open pose obscures a full panel comparison; the passage currently has grass. This is not a request to add missing doors from scratch.,"Inspect each leaf front/back in open and diagnostic closed poses. Match the photographed panel grid, rounded/beveled recesses, straps, ring pulls, edge thickness and hinges. Finish passage soffit, reveals and paving.","Both leaves match the 1888 photograph including panel counts and hardware; no invented grille. | Open pose clears masonry without clipping; a closed diagnostic pose aligns at the meeting stile. | 2023/2024 replacements are restoration aids, not independent proof of 1904 condition.","GA-01, GA-04",Coordinate museum porte-cochere restoration documentation
GA-16,Reconstruct the curved courtyard hall steps and cheek wall,P1,Confirmed visible gap,M,DRAFT — NOT QUEUED,courtyard | court-east,118 | 144 | 146,The bow entrance currently has simple white stacked steps. HABS photograph and section show shaped descending masonry beside the steps.,"Model the curved/stepped brick cheek, caps, treads, landing and door threshold from the section and photograph; resolve the exact curvature by matched view.","Step count/rise/run and cheek profile agree with the plan/section within stated tolerance. | No floating treads, missing side faces or grass intersecting the landing. | Brick and stone join naturally to the bow and courtyard path.","GA-02, GA-10",New proposal
GA-17,"Audit basement grilles, light wells and service openings",P2,Verification and detail completion,M,DRAFT — NOT QUEUED,entry | north | courtyard | court-west,8 | 106 | 118 | 144 | 148 | 156,Front stone grids already exist. Courtyard dark barred openings appear deep/tall in current views and need source-based proportion checks.,"Inventory lattice/grille dimensions, setbacks, wells, basement vents, doors and drainage edges. Distinguish window, vent and passage openings; refine only demonstrated differences.","Every basement opening is cross-referenced to elevation/plan and assigned a type. | No missing well bottoms, see-through voids or inconsistent grille thickness. | Any courtyard opening resize follows matched evidence, not a visual guess.","GA-02, GA-09, GA-10",New proposal
GA-18,"Refine copper roof panels, seams and weathering",P2,Confirmed detail simplification,M,DRAFT — NOT QUEUED,courtyard | roof,118 | 136 | 151 | 142,The copper bows are recognizable but read as large uniform green surfaces with sparse seam detail.,"Refine panel division, folded joints, edge rolls, flashing and roughness variation; document the uncertainty of 1904 patina. Preserve continuous roof geometry and repaired shoulder joins.","Seam layout and edge profiles agree with available photographs; no arbitrary oversized panels. | Patina varies plausibly with water flow without uniform green paint or unsupported black-and-white color sampling. | No seams lifted off surfaces, overlaps or breaks at adjacent roofs.","GA-02, GA-07",Protect T-2157 and T-2183 copper continuity
GA-19,"Complete gutters, rainwater heads, downpipes and attachments",P2,Confirmed detail simplification,M,DRAFT — NOT QUEUED,prairie | courtyard | court-east,8 | 118 | 151,"Visible downpipes are simplified thin rods; historical images show articulated heads, offsets, gutter edges and brackets.","Inventory each documented drainage run, hopper, elbow, collar, strap and discharge. Give metal thickness and believable connections at roofs and grade.","Each visible run has continuous roof-to-discharge logic, with no floating rods. | Locations and decorative shapes follow photographed evidence; uncertain concealed runs remain labeled. | Gutters/flashings cast credible close-range shadows without excessive geometry.","GA-06, GA-18",New proposal
GA-20,Resolve chimney phase and finish stack/cap detail,P1,"Verify first, then refine",M,DRAFT — NOT QUEUED,roof | north | courtyard,8 | 104 | 118 | 136 | 142,Street stacks are present. Two courtyard service stacks were explicitly reconstructed in prior work; their 1904 attestation remains a research question.,"Create a dated stack register; check the two service stacks and any vents against early photos/plans. Refine stone bonds, offsets, coping and flue treatment where supported. Do not delete inferred stacks without evidence.",Every stack is classified attested/inferred/reconstructed with dates and sources. | Any positional or count change is justified independently of later altered roofs. | Caps and flues read as masonry construction without generic repeated slots unless documented.,"GA-01, GA-02",Follow-up on T-2016 reconstruction decisions
GA-21,"Date and finish courtyard service stairs, rails and rear gate",P2,"Verify first, then refine",M,DRAFT — NOT QUEUED,court-west | southwest,137 | 144 | 146 | 142,"A service landing and rail already exist. Later records contain altered stairs and doors; the HABS plan labels a 1955 wooden stair behind the stable, which is not automatically the courtyard service stair.","Separate each stair/landing/gate in a dated component register, preserve documented early fabric and refine iron profiles, posts, hinges, thresholds and masonry piers.",No later stair is silently inserted into 1904 and no original stair is removed because another was added in 1955. | Rails attach to landings and posts with plausible joints; gates connect to the enclosure. | Hidden or uncertain details remain replaceable and labeled.,"GA-02, GA-03",New proposal
GA-22,"Finish courtyard paths, edging, lawn and drainage",P1,Confirmed simplification; surface chronology required,M,DRAFT — NOT QUEUED,court-east | court-west | roof,118 | 137 | 144 | 142,The court is a flat lawn and plain gray strip. Later photographs include changed surfaces; HABS records institutional paving for parking.,"Reconstruct the 1904 path/drive alignment from early evidence; refine hard surface texture, lawn edging, grades and drainage. Document any inferred paving type rather than copying 1948/1960s surfaces.",No grass in carriage routes or at building thresholds. | Lawn/path transitions and perimeter edging agree with the chosen dated evidence. | Surface choice is separately sourced from geometry; later parking pavement excluded.,"GA-02, GA-03, GA-04, GA-16",New proposal
GA-23,"Add restrained, dated courtyard vines and exterior planting",P1,Confirmed absence; exact coverage inferred,M,DRAFT — NOT QUEUED,prairie | courtyard | court-west,8 | 13 | 16 | 118 | 137 | 142,The house is bare of vines in the audited scene. Written history records courtyard Virginia creeper and Boston ivy on the front; later photographs are heavily overgrown.,Create a plausible July 1904 vegetation state using earliest dated photographs and planting history. Include branch/stem attachment and selective leaf coverage; coordinate frontage trees with the district.,"Coverage is dated and confidence-labeled; 1948 overgrowth is not copied wholesale. | Plants do not conceal unresolved modeling defects or enter windows/gutters indiscriminately. | Seasonal color, leaf scale, shadows and full/light cost are checked in actual browser views.","GA-02, GA-03, GA-10, GA-22",Frontage tree context coordinated with T-2159; no new neighborhood ticket
GA-24,"Balance lighting, contact shadows and restrained surface aging",P1,Confirmed rendering gap; calibration required,M,DRAFT — NOT QUEUED,prairie | north | west | courtyard,8 | 115 | 118 | 142,Bright front texture and very dark blue-shaded north/west surfaces make materials read inconsistently. The house/ground interface lacks convincing variation.,"Compare neutral material diagnostics with actual July scene light; tune ambient contribution, exposure, normals, contact shadows and roughness. Add evidence-based soot/runoff/dirt in joints and sheltered zones, with the 17-year building age in mind.","Stone relief stays readable in shade without flattening sunny facades or crushing blacks. | Contact shadows anchor the building, steps and enclosure without halos or detached dark bands. | No baked double shadows, random grunge or deterioration copied from the neglected mid-century house.","GA-05, GA-09, GA-10, GA-12, GA-18, GA-22",New proposal
GA-25,Validate full/light browser quality and controlled performance,P1,Completion gate,M,DRAFT — NOT QUEUED,prairie | northwest | courtyard | roof | entry | porte,142,This audit checked 1600×1000 full desktop stills only. Captures booted without page errors or failed requests and reported within-budget draw/triangle counts; paused animation means FPS=0 is not a performance measurement.,"Reuse the metric/browser contract for full and light assets, motion, desktop and mobile. Test distance transitions, texture filtering, clipping, picking and actual frame timing after visual work.","Repeat front/oblique/rear/roof views at 1280×800 desktop and 390×780 mobile, plus close details. | Measure moving-frame performance on a declared device; keep agreed draw/triangle/texture/load budgets and owner dark-glass default. | No missing detail at LOD transitions, flicker, errors, failed assets or UI-dependent rendering changes.",GA-03 through GA-24 as applicable,Reuse T-1843 acceptance framework; do not create parallel test infrastructure
GA-26,Run final photographic comparison and evidence sign-off,P1,Completion gate,M,DRAFT — NOT QUEUED,prairie | northeast | north | northwest | west | courtyard | court-east | court-west | roof | entry | porte,8 | 104 | 106 | 107 | 115 | 118 | 144 | 146 | 156 | 161,Passing a technical gate is not evidence that the house matches photographs. Exact 1904 color and hidden fabric cannot be proven from the available black-and-white record.,"Deliver fixed-camera reference/render pairs and a discrepancy register for silhouette, openings, materials, ornament, ground, vegetation and lighting. Review all elevations and declare remaining uncertainties.","All high-priority visible discrepancies resolved or explicitly accepted with a reason. | No unreviewed courtyard/rear face; include sunlit, shaded, near and distant views. | Label attested versus inferred details and present a photo-quality result without claiming unsupported historical perfection.",GA-25,House-only sign-off; whole-street photography additionally depends on existing T-1882/T-1883/T-1935/T-2159 context work
